[
	{
		"ChangedAt": "/Date(1426201200000)/",
		"SupplierId": "100000008",
		"CurrencyCode": "USD",
		"DeliveryAddress": "Zeppelinstrasse 2,85399 Munich,DE Germany",
		"DeliveryDateEarliest": "/Date(1426806000000)/",
		"GrossAmount": "1791.30",
		"ItemCount": 9,
		"LaterDelivDateExist": "",
		"OrderedById": "400000038",
		"OrderedByName": "EPM Demo User",
		"POId": "300000065",
		"SupplierName": "AVANTEL with long names"
	},
	{
		"ChangedAt": "/Date(1426201200000)/",
		"SupplierId": "100000000",
		"CurrencyCode": "USD",
		"DeliveryAddress": "Zeppelinstrasse 2,85399 Munich,DE Germany",
		"DeliveryDateEarliest": "/Date(1426806000000)/",
		"GrossAmount": "999999999999725.79",
		"ItemCount": 10,
		"LaterDelivDateExist": "",
		"OrderedById": "400000038",
		"OrderedByName": "EPM Demo User",
		"POId": "300000050",
		"SupplierName": "SAP"
	},
	{
		"ChangedAt": "/Date(1426201200000)/",
		"SupplierId": "100000005",
		"CurrencyCode": "USD",
		"DeliveryAddress": "Zeppelinstrasse 2,85399 Munich,DE Germany",
		"DeliveryDateEarliest": "/Date(1426806000000)/",
		"GrossAmount": "6185.62",
		"ItemCount": 2,
		"LaterDelivDateExist": "",
		"OrderedById": "400000038",
		"OrderedByName": "EPM Demo User",
		"POId": "300000067",
		"SupplierName": "TECUM"
	},
	{
		"ChangedAt": "/Date(1426201200000)/",
		"SupplierId": "100000002",
		"CurrencyCode": "USD",
		"DeliveryAddress": "Zeppelinstrasse 2,85399 Munich,DE Germany",
		"DeliveryDateEarliest": "/Date(1426806000000)/",
		"GrossAmount": "15373.53",
		"ItemCount": 10,
		"LaterDelivDateExist": "",
		"OrderedById": "400000038",
		"OrderedByName": "EPM Demo User",
		"POId": "300000051",
		"SupplierName": "DelBont Industries"
	},
	{
		"ChangedAt": "/Date(1426201200000)/",
		"SupplierId": "100000002",
		"CurrencyCode": "USD",
		"DeliveryAddress": "Zeppelinstrasse 2,85399 Munich,DE Germany",
		"DeliveryDateEarliest": "/Date(1426806000000)/",
		"GrossAmount": "3950.16",
		"ItemCount": 4,
		"LaterDelivDateExist": "",
		"OrderedById": "400000038",
		"OrderedByName": "EPM Demo User",
		"POId": "300000068",
		"SupplierName": "DelBont Industries"
	},
	{
		"ChangedAt": "/Date(1426201200000)/",
		"SupplierId": "100000004",
		"CurrencyCode": "USD",
		"DeliveryAddress": "Zeppelinstrasse 2,85399 Munich,DE Germany",
		"DeliveryDateEarliest": "/Date(1426806000000)/",
		"GrossAmount": "4585.07",
		"ItemCount": 3,
		"LaterDelivDateExist": "",
		"OrderedById": "400000038",
		"OrderedByName": "EPM Demo User",
		"POId": "300000066",
		"SupplierName": "Panorama Studios"
	}
]