[
	{
		"ChangedAt": "/Date(1426201200000)/",
		"SupplierId": "100000008",
		"CurrencyCode": "USD",
		"DeliveryAddress": "Zeppelinstrasse 2,85399 Munich,DE Germany",
		"DeliveryDateEarliest": "/Date(1426806000000)/",
		"GrossAmount": "1791.30",
		"ItemCount": 9,
		"LaterDelivDateExist": "",
		"OrderedById": "400000038",
		"OrderedByName": "EPM Demo User",
		"POId": "300000065",
		"SupplierName": "AVANTEL with a very looooooooooong name"
	},
	{
		"ChangedAt": "/Date(1426201200000)/",
		"SupplierId": "100000000",
		"CurrencyCode": "USD",
		"DeliveryAddress": "Zeppelinstrasse 2,85399 Munich,DE Germany",
		"DeliveryDateEarliest": "/Date(1426806000000)/",
		"GrossAmount": "9725.79",
		"ItemCount": 10,
		"LaterDelivDateExist": "",
		"OrderedById": "400000038",
		"OrderedByName": "EPM Demo User",
		"POId": "300000050",
		"SupplierName": "SAP 中国"
	},
	{
		"ChangedAt": "/Date(1426201200000)/",
		"SupplierId": "100000002",
		"CurrencyCode": "USD",
		"DeliveryAddress": "Zeppelinstrasse 2,85399 Munich,DE Germany",
		"DeliveryDateEarliest": "/Date(1426806000000)/",
		"GrossAmount": "15373.53",
		"ItemCount": 10,
		"LaterDelivDateExist": "",
		"OrderedById": "400000038",
		"OrderedByName": "EPM Demo User",
		"POId": "300000051",
		"SupplierName": "DelBont Industries - Südamerika"
	}
]