[
	{
		"DeliveryDate": "/Date(1443736800000)/",
		"GrossAmount": "30.94",
		"GrossAmountCurrency": "USD",
		"POId": "300000039",
		"InvoiceOrderId":"82018776",
		"Status":"Hold",
		"POItemPos": "10",
		"Price": "26.00",
		"PriceCurrency": "USD",
		"Product": "Media Keyboard",
		"Productid": "HT-1065",
		"Quantity": "1",
		"QuantityUnit": "EA"
	},
	{
		"DeliveryDate": "/Date(1443736800000)/",
		"GrossAmount": "1306.62",
		"GrossAmountCurrency": "USD",
		"POId": "300000039",
		"InvoiceOrderId":"82018777",
		"Status":"Approve",
		"POItemPos": "20",
		"Price": "549.00",
		"PriceCurrency": "USD",
		"Product": "Goldberry",
		"Productid": "HT-7020",
		"Quantity": "2",
		"QuantityUnit": "EA"
	},
	{
		"DeliveryDate": "/Date(1443736800000)/",
		"GrossAmount": "653.31",
		"GrossAmountCurrency": "USD",
		"POId": "300000039",
		"InvoiceOrderId":"82018778",
		"Status":"Cancel",
		"POItemPos": "30",
		"Price": "549.00",
		"PriceCurrency": "USD",
		"Product": "Cerdik Phone 7",
		"Productid": "HT-1256",
		"Quantity": "1",
		"QuantityUnit": "EA"
	},
	{
		"DeliveryDate": "/Date(1443736800000)/",
		"GrossAmount": "30.94",
		"GrossAmountCurrency": "USD",
		"POId": "300000039",
		"InvoiceOrderId":"82018779",
		"Status":"Hold",
		"POItemPos": "40",
		"Price": "26.00",
		"PriceCurrency": "USD",
		"Product": "Media Keyboard",
		"Productid": "HT-1065",
		"Quantity": "1",
		"QuantityUnit": "EA"
	},
	{
		"DeliveryDate": "/Date(1443736800000)/",
		"GrossAmount": "653.31",
		"GrossAmountCurrency": "USD",
		"POId": "300000039",
		"InvoiceOrderId":"82018780",
		"Status":"Approve",
		"POItemPos": "50",
		"Price": "549.00",
		"PriceCurrency": "USD",
		"Product": "Goldberry",
		"Productid": "HT-7020",
		"Quantity": "1",
		"QuantityUnit": "EA"
	},
	{
		"DeliveryDate": "/Date(1443736800000)/",
		"GrossAmount": "1959.93",
		"GrossAmountCurrency": "USD",
		"POId": "300000039",
		"InvoiceOrderId":"82018781",
		"Status":"Cancel",
		"POItemPos": "60",
		"Price": "549.00",
		"PriceCurrency": "USD",
		"Product": "Cerdik Phone 7",
		"Productid": "HT-1256",
		"Quantity": "3",
		"QuantityUnit": "EA"
	},
		{
		"DeliveryDate": "/Date(1443736800000)/",
		"GrossAmount": "1959.93",
		"GrossAmountCurrency": "USD",
		"POId": "300000030",
		"InvoiceOrderId":"82018781",
		"Status":"Cancel",
		"POItemPos": "60",
		"Price": "549.00",
		"PriceCurrency": "USD",
		"Product": "Cerdik Phone 7",
		"Productid": "HT-1256",
		"Quantity": "3",
		"QuantityUnit": "EA"
	}
	]