[
	{
		"DeliveryDate": "/Date(1438984800000)/",
		"GrossAmount": "1868.30",
		"GrossAmountCurrency": "USD",
		"POId": "300000000",
		"POItemPos": "10",
		"Price": "1570.00",
		"PriceCurrency": "USD",
		"Product": "Notebook Basic 18",
		"Productid": "HT-1002",
		"Quantity": "1",
		"QuantityUnit": "EA"
	},
	{
		"DeliveryDate": "/Date(1438984800000)/",
		"GrossAmount": "213.96",
		"GrossAmountCurrency": "USD",
		"POId": "300000000",
		"POItemPos": "20",
		"Price": "89.90",
		"PriceCurrency": "USD",
		"Product": "Smart Office",
		"Productid": "HT-1100",
		"Quantity": "2",
		"QuantityUnit": "EA"
	},
	{
		"DeliveryDate": "/Date(1438984800000)/",
		"GrossAmount": "71.38",
		"GrossAmountCurrency": "USD",
		"POId": "300000000",
		"POItemPos": "30",
		"Price": "29.99",
		"PriceCurrency": "USD",
		"Product": "Video/Audio Cable Kit - 4m",
		"Productid": "HT-2026",
		"Quantity": "2",
		"QuantityUnit": "EA"
	},
	{
		"DeliveryDate": "/Date(1438984800000)/",
		"GrossAmount": "3736.60",
		"GrossAmountCurrency": "USD",
		"POId": "300000000",
		"POItemPos": "40",
		"Price": "1570.00",
		"PriceCurrency": "USD",
		"Product": "Notebook Basic 18",
		"Productid": "HT-1002",
		"Quantity": "2",
		"QuantityUnit": "EA"
	},
	{
		"DeliveryDate": "/Date(1438984800000)/",
		"GrossAmount": "320.94",
		"GrossAmountCurrency": "USD",
		"POId": "300000000",
		"POItemPos": "50",
		"Price": "89.90",
		"PriceCurrency": "USD",
		"Product": "Smart Office",
		"Productid": "HT-1100",
		"Quantity": "3",
		"QuantityUnit": "EA"
	},
	{
		"DeliveryDate": "/Date(1438984800000)/",
		"GrossAmount": "71.38",
		"GrossAmountCurrency": "USD",
		"POId": "300000000",
		"POItemPos": "60",
		"Price": "29.99",
		"PriceCurrency": "USD",
		"Product": "Video/Audio Cable Kit - 4m",
		"Productid": "HT-2026",
		"Quantity": "2",
		"QuantityUnit": "EA"
	},
	{
		"DeliveryDate": "/Date(1438984800000)/",
		"GrossAmount": "3736.60",
		"GrossAmountCurrency": "USD",
		"POId": "300000000",
		"POItemPos": "70",
		"Price": "1570.00",
		"PriceCurrency": "USD",
		"Product": "Notebook Basic 18",
		"Productid": "HT-1002",
		"Quantity": "2",
		"QuantityUnit": "EA"
	},
	{
		"DeliveryDate": "/Date(1438984800000)/",
		"GrossAmount": "213.96",
		"GrossAmountCurrency": "USD",
		"POId": "300000000",
		"POItemPos": "80",
		"Price": "89.90",
		"PriceCurrency": "USD",
		"Product": "Smart Office",
		"Productid": "HT-1100",
		"Quantity": "2",
		"QuantityUnit": "EA"
	},
	{
		"DeliveryDate": "/Date(1438984800000)/",
		"GrossAmount": "107.06",
		"GrossAmountCurrency": "USD",
		"POId": "300000000",
		"POItemPos": "90",
		"Price": "29.99",
		"PriceCurrency": "USD",
		"Product": "Video/Audio Cable Kit - 4m",
		"Productid": "HT-2026",
		"Quantity": "3",
		"QuantityUnit": "EA"
	},
	{
		"DeliveryDate": "/Date(1438984800000)/",
		"GrossAmount": "5604.90",
		"GrossAmountCurrency": "USD",
		"POId": "300000000",
		"POItemPos": "100",
		"Price": "1570.00",
		"PriceCurrency": "USD",
		"Product": "Notebook Basic 18",
		"Productid": "HT-1002",
		"Quantity": "3",
		"QuantityUnit": "EA"
	},
	{
		"DeliveryDate": "/Date(1439071200000)/",
		"GrossAmount": "17850.00",
		"GrossAmountCurrency": "USD",
		"POId": "300000001",
		"POItemPos": "100",
		"Price": "5000.00",
		"PriceCurrency": "USD",
		"Product": "Server Basic",
		"Productid": "HT-1500",
		"Quantity": "3",
		"QuantityUnit": "EA"
	},
	{
		"DeliveryDate": "/Date(1439071200000)/",
		"GrossAmount": "235.62",
		"GrossAmountCurrency": "USD",
		"POId": "300000001",
		"POItemPos": "90",
		"Price": "99.00",
		"PriceCurrency": "USD",
		"Product": "Multi Print",
		"Productid": "HT-1055",
		"Quantity": "2",
		"QuantityUnit": "EA"
	},
	{
		"DeliveryDate": "/Date(1439071200000)/",
		"GrossAmount": "2138.43",
		"GrossAmountCurrency": "USD",
		"POId": "300000001",
		"POItemPos": "80",
		"Price": "599.00",
		"PriceCurrency": "USD",
		"Product": "Smartphone Alpha",
		"Productid": "HT-9992",
		"Quantity": "3",
		"QuantityUnit": "EA"
	},
	{
		"DeliveryDate": "/Date(1439071200000)/",
		"GrossAmount": "17850.00",
		"GrossAmountCurrency": "USD",
		"POId": "300000001",
		"POItemPos": "70",
		"Price": "5000.00",
		"PriceCurrency": "USD",
		"Product": "Server Basic",
		"Productid": "HT-1500",
		"Quantity": "3",
		"QuantityUnit": "EA"
	},
	{
		"DeliveryDate": "/Date(1439071200000)/",
		"GrossAmount": "235.62",
		"GrossAmountCurrency": "USD",
		"POId": "300000001",
		"POItemPos": "60",
		"Price": "99.00",
		"PriceCurrency": "USD",
		"Product": "Multi Print",
		"Productid": "HT-1055",
		"Quantity": "2",
		"QuantityUnit": "EA"
	},
	{
		"DeliveryDate": "/Date(1439071200000)/",
		"GrossAmount": "1425.62",
		"GrossAmountCurrency": "USD",
		"POId": "300000001",
		"POItemPos": "50",
		"Price": "599.00",
		"PriceCurrency": "USD",
		"Product": "Smartphone Alpha",
		"Productid": "HT-9992",
		"Quantity": "2",
		"QuantityUnit": "EA"
	},
	{
		"DeliveryDate": "/Date(1439071200000)/",
		"GrossAmount": "11900.00",
		"GrossAmountCurrency": "USD",
		"POId": "300000001",
		"POItemPos": "40",
		"Price": "5000.00",
		"PriceCurrency": "USD",
		"Product": "Server Basic",
		"Productid": "HT-1500",
		"Quantity": "2",
		"QuantityUnit": "EA"
	},
	{
		"DeliveryDate": "/Date(1439071200000)/",
		"GrossAmount": "235.62",
		"GrossAmountCurrency": "USD",
		"POId": "300000001",
		"POItemPos": "30",
		"Price": "99.00",
		"PriceCurrency": "USD",
		"Product": "Multi Print",
		"Productid": "HT-1055",
		"Quantity": "2",
		"QuantityUnit": "EA"
	},
	{
		"DeliveryDate": "/Date(1439071200000)/",
		"GrossAmount": "712.81",
		"GrossAmountCurrency": "USD",
		"POId": "300000001",
		"POItemPos": "20",
		"Price": "599.00",
		"PriceCurrency": "USD",
		"Product": "Smartphone Alpha",
		"Productid": "HT-9992",
		"Quantity": "1",
		"QuantityUnit": "EA"
	},
	{
		"DeliveryDate": "/Date(1439071200000)/",
		"GrossAmount": "11900.00",
		"GrossAmountCurrency": "USD",
		"POId": "300000001",
		"POItemPos": "10",
		"Price": "5000.00",
		"PriceCurrency": "USD",
		"Product": "Server Basic",
		"Productid": "HT-1500",
		"Quantity": "2",
		"QuantityUnit": "EA"
	},
	{
		"DeliveryDate": "/Date(1439071200000)/",
		"GrossAmount": "107.06",
		"GrossAmountCurrency": "USD",
		"POId": "300000002",
		"POItemPos": "10",
		"Price": "29.99",
		"PriceCurrency": "USD",
		"Product": "Video/Audio Cable Kit - 4m",
		"Productid": "HT-2026",
		"Quantity": "3",
		"QuantityUnit": "EA"
	},
	{
		"DeliveryDate": "/Date(1439071200000)/",
		"GrossAmount": "1868.30",
		"GrossAmountCurrency": "USD",
		"POId": "300000002",
		"POItemPos": "20",
		"Price": "1570.00",
		"PriceCurrency": "USD",
		"Product": "Notebook Basic 18",
		"Productid": "HT-1002",
		"Quantity": "1",
		"QuantityUnit": "EA"
	},
	{
		"DeliveryDate": "/Date(1439071200000)/",
		"GrossAmount": "213.96",
		"GrossAmountCurrency": "USD",
		"POId": "300000002",
		"POItemPos": "30",
		"Price": "89.90",
		"PriceCurrency": "USD",
		"Product": "Smart Office",
		"Productid": "HT-1100",
		"Quantity": "2",
		"QuantityUnit": "EA"
	},
	{
		"DeliveryDate": "/Date(1439071200000)/",
		"GrossAmount": "71.38",
		"GrossAmountCurrency": "USD",
		"POId": "300000002",
		"POItemPos": "40",
		"Price": "29.99",
		"PriceCurrency": "USD",
		"Product": "Video/Audio Cable Kit - 4m",
		"Productid": "HT-2026",
		"Quantity": "2",
		"QuantityUnit": "EA"
	},
	{
		"DeliveryDate": "/Date(1439071200000)/",
		"GrossAmount": "1868.30",
		"GrossAmountCurrency": "USD",
		"POId": "300000002",
		"POItemPos": "50",
		"Price": "1570.00",
		"PriceCurrency": "USD",
		"Product": "Notebook Basic 18",
		"Productid": "HT-1002",
		"Quantity": "1",
		"QuantityUnit": "EA"
	},
	{
		"DeliveryDate": "/Date(1439071200000)/",
		"GrossAmount": "213.96",
		"GrossAmountCurrency": "USD",
		"POId": "300000002",
		"POItemPos": "60",
		"Price": "89.90",
		"PriceCurrency": "USD",
		"Product": "Smart Office",
		"Productid": "HT-1100",
		"Quantity": "2",
		"QuantityUnit": "EA"
	},
	{
		"DeliveryDate": "/Date(1439071200000)/",
		"GrossAmount": "35.69",
		"GrossAmountCurrency": "USD",
		"POId": "300000002",
		"POItemPos": "70",
		"Price": "29.99",
		"PriceCurrency": "USD",
		"Product": "Video/Audio Cable Kit - 4m",
		"Productid": "HT-2026",
		"Quantity": "1",
		"QuantityUnit": "EA"
	},
	{
		"DeliveryDate": "/Date(1439071200000)/",
		"GrossAmount": "3736.60",
		"GrossAmountCurrency": "USD",
		"POId": "300000002",
		"POItemPos": "80",
		"Price": "1570.00",
		"PriceCurrency": "USD",
		"Product": "Notebook Basic 18",
		"Productid": "HT-1002",
		"Quantity": "2",
		"QuantityUnit": "EA"
	},
	{
		"DeliveryDate": "/Date(1439157600000)/",
		"GrossAmount": "34.51",
		"GrossAmountCurrency": "USD",
		"POId": "300000003",
		"POItemPos": "50",
		"Price": "29.00",
		"PriceCurrency": "USD",
		"Product": "Cordless Bluetooth Keyboard, english international",
		"Productid": "HT-1120",
		"Quantity": "1",
		"QuantityUnit": "EA"
	},
	{
		"DeliveryDate": "/Date(1439157600000)/",
		"GrossAmount": "415.31",
		"GrossAmountCurrency": "USD",
		"POId": "300000003",
		"POItemPos": "40",
		"Price": "349.00",
		"PriceCurrency": "USD",
		"Product": "Laser Allround",
		"Productid": "HT-1042",
		"Quantity": "1",
		"QuantityUnit": "EA"
	},
	{
		"DeliveryDate": "/Date(1439157600000)/",
		"GrossAmount": "71.40",
		"GrossAmountCurrency": "USD",
		"POId": "300000003",
		"POItemPos": "30",
		"Price": "20.00",
		"PriceCurrency": "USD",
		"Product": "Tablet Pouch",
		"Productid": "HT-9996",
		"Quantity": "3",
		"QuantityUnit": "EA"
	},
	{
		"DeliveryDate": "/Date(1439157600000)/",
		"GrossAmount": "103.53",
		"GrossAmountCurrency": "USD",
		"POId": "300000003",
		"POItemPos": "20",
		"Price": "29.00",
		"PriceCurrency": "USD",
		"Product": "Cordless Bluetooth Keyboard, english international",
		"Productid": "HT-1120",
		"Quantity": "3",
		"QuantityUnit": "EA"
	},
	{
		"DeliveryDate": "/Date(1439157600000)/",
		"GrossAmount": "1245.93",
		"GrossAmountCurrency": "USD",
		"POId": "300000003",
		"POItemPos": "10",
		"Price": "349.00",
		"PriceCurrency": "USD",
		"Product": "Laser Allround",
		"Productid": "HT-1042",
		"Quantity": "3",
		"QuantityUnit": "EA"
	},
	{
		"DeliveryDate": "/Date(1439157600000)/",
		"GrossAmount": "1306.62",
		"GrossAmountCurrency": "USD",
		"POId": "300000004",
		"POItemPos": "10",
		"Price": "549.00",
		"PriceCurrency": "USD",
		"Product": "Silverberry",
		"Productid": "HT-7010",
		"Quantity": "2",
		"QuantityUnit": "EA"
	},
	{
		"DeliveryDate": "/Date(1439157600000)/",
		"GrossAmount": "8.32",
		"GrossAmountCurrency": "USD",
		"POId": "300000004",
		"POItemPos": "20",
		"Price": "6.99",
		"PriceCurrency": "USD",
		"Product": "Mousepad",
		"Productid": "HT-1066",
		"Quantity": "1",
		"QuantityUnit": "EA"
	},
	{
		"DeliveryDate": "/Date(1439157600000)/",
		"GrossAmount": "1306.62",
		"GrossAmountCurrency": "USD",
		"POId": "300000004",
		"POItemPos": "30",
		"Price": "549.00",
		"PriceCurrency": "USD",
		"Product": "Cepat Tablet 10.5",
		"Productid": "HT-1257",
		"Quantity": "2",
		"QuantityUnit": "EA"
	},
	{
		"DeliveryDate": "/Date(1439157600000)/",
		"GrossAmount": "653.31",
		"GrossAmountCurrency": "USD",
		"POId": "300000004",
		"POItemPos": "40",
		"Price": "549.00",
		"PriceCurrency": "USD",
		"Product": "Silverberry",
		"Productid": "HT-7010",
		"Quantity": "1",
		"QuantityUnit": "EA"
	},
	{
		"DeliveryDate": "/Date(1439157600000)/",
		"GrossAmount": "24.95",
		"GrossAmountCurrency": "USD",
		"POId": "300000004",
		"POItemPos": "50",
		"Price": "6.99",
		"PriceCurrency": "USD",
		"Product": "Mousepad",
		"Productid": "HT-1066",
		"Quantity": "3",
		"QuantityUnit": "EA"
	},
	{
		"DeliveryDate": "/Date(1439244000000)/",
		"GrossAmount": "154.70",
		"GrossAmountCurrency": "USD",
		"POId": "300000005",
		"POItemPos": "10",
		"Price": "130.00",
		"PriceCurrency": "USD",
		"Product": "Play Movie",
		"Productid": "HT-6110",
		"Quantity": "1",
		"QuantityUnit": "EA"
	},
	{
		"DeliveryDate": "/Date(1439244000000)/",
		"GrossAmount": "402.22",
		"GrossAmountCurrency": "USD",
		"POId": "300000005",
		"POItemPos": "20",
		"Price": "169.00",
		"PriceCurrency": "USD",
		"Product": "Jet Scan Professional",
		"Productid": "HT-1082",
		"Quantity": "2",
		"QuantityUnit": "EA"
	},
	{
		"DeliveryDate": "/Date(1439244000000)/",
		"GrossAmount": "309.40",
		"GrossAmountCurrency": "USD",
		"POId": "300000005",
		"POItemPos": "30",
		"Price": "130.00",
		"PriceCurrency": "USD",
		"Product": "Play Movie",
		"Productid": "HT-6110",
		"Quantity": "2",
		"QuantityUnit": "EA"
	},
	{
		"DeliveryDate": "/Date(1439244000000)/",
		"GrossAmount": "603.33",
		"GrossAmountCurrency": "USD",
		"POId": "300000005",
		"POItemPos": "40",
		"Price": "169.00",
		"PriceCurrency": "USD",
		"Product": "Jet Scan Professional",
		"Productid": "HT-1082",
		"Quantity": "3",
		"QuantityUnit": "EA"
	},
	{
		"DeliveryDate": "/Date(1439244000000)/",
		"GrossAmount": "309.40",
		"GrossAmountCurrency": "USD",
		"POId": "300000005",
		"POItemPos": "50",
		"Price": "130.00",
		"PriceCurrency": "USD",
		"Product": "Play Movie",
		"Productid": "HT-6110",
		"Quantity": "2",
		"QuantityUnit": "EA"
	},
	{
		"DeliveryDate": "/Date(1439244000000)/",
		"GrossAmount": "402.22",
		"GrossAmountCurrency": "USD",
		"POId": "300000005",
		"POItemPos": "60",
		"Price": "169.00",
		"PriceCurrency": "USD",
		"Product": "Jet Scan Professional",
		"Productid": "HT-1082",
		"Quantity": "2",
		"QuantityUnit": "EA"
	},
	{
		"DeliveryDate": "/Date(1439244000000)/",
		"GrossAmount": "464.10",
		"GrossAmountCurrency": "USD",
		"POId": "300000005",
		"POItemPos": "70",
		"Price": "130.00",
		"PriceCurrency": "USD",
		"Product": "Play Movie",
		"Productid": "HT-6110",
		"Quantity": "3",
		"QuantityUnit": "EA"
	},
	{
		"DeliveryDate": "/Date(1439503200000)/",
		"GrossAmount": "5208.63",
		"GrossAmountCurrency": "USD",
		"POId": "300000006",
		"POItemPos": "30",
		"Price": "1459.00",
		"PriceCurrency": "USD",
		"Product": "Flat Watch HD32",
		"Productid": "HT-6130",
		"Quantity": "3",
		"QuantityUnit": "EA"
	},
	{
		"DeliveryDate": "/Date(1439503200000)/",
		"GrossAmount": "8.33",
		"GrossAmountCurrency": "USD",
		"POId": "300000006",
		"POItemPos": "20",
		"Price": "7.00",
		"PriceCurrency": "USD",
		"Product": "Speed Mouse",
		"Productid": "HT-1061",
		"Quantity": "1",
		"QuantityUnit": "EA"
	},
	{
		"DeliveryDate": "/Date(1439503200000)/",
		"GrossAmount": "2316.93",
		"GrossAmountCurrency": "USD",
		"POId": "300000006",
		"POItemPos": "10",
		"Price": "649.00",
		"PriceCurrency": "USD",
		"Product": "Astro Phone 6",
		"Productid": "HT-1252",
		"Quantity": "3",
		"QuantityUnit": "EA"
	},
	{
		"DeliveryDate": "/Date(1439503200000)/",
		"GrossAmount": "307.02",
		"GrossAmountCurrency": "USD",
		"POId": "300000007",
		"POItemPos": "10",
		"Price": "129.00",
		"PriceCurrency": "USD",
		"Product": "Photo Scan",
		"Productid": "HT-1080",
		"Quantity": "2",
		"QuantityUnit": "EA"
	},
	{
		"DeliveryDate": "/Date(1439503200000)/",
		"GrossAmount": "160.65",
		"GrossAmountCurrency": "USD",
		"POId": "300000007",
		"POItemPos": "20",
		"Price": "45.00",
		"PriceCurrency": "USD",
		"Product": "ITelo MusicStick",
		"Productid": "HT-6120",
		"Quantity": "3",
		"QuantityUnit": "EA"
	},
	{
		"DeliveryDate": "/Date(1439503200000)/",
		"GrossAmount": "153.51",
		"GrossAmountCurrency": "USD",
		"POId": "300000007",
		"POItemPos": "30",
		"Price": "129.00",
		"PriceCurrency": "USD",
		"Product": "Photo Scan",
		"Productid": "HT-1080",
		"Quantity": "1",
		"QuantityUnit": "EA"
	},
	{
		"DeliveryDate": "/Date(1439503200000)/",
		"GrossAmount": "107.10",
		"GrossAmountCurrency": "USD",
		"POId": "300000007",
		"POItemPos": "40",
		"Price": "45.00",
		"PriceCurrency": "USD",
		"Product": "ITelo MusicStick",
		"Productid": "HT-6120",
		"Quantity": "2",
		"QuantityUnit": "EA"
	},
	{
		"DeliveryDate": "/Date(1439503200000)/",
		"GrossAmount": "307.02",
		"GrossAmountCurrency": "USD",
		"POId": "300000007",
		"POItemPos": "50",
		"Price": "129.00",
		"PriceCurrency": "USD",
		"Product": "Photo Scan",
		"Productid": "HT-1080",
		"Quantity": "2",
		"QuantityUnit": "EA"
	},
	{
		"DeliveryDate": "/Date(1439503200000)/",
		"GrossAmount": "53.55",
		"GrossAmountCurrency": "USD",
		"POId": "300000007",
		"POItemPos": "60",
		"Price": "45.00",
		"PriceCurrency": "USD",
		"Product": "ITelo MusicStick",
		"Productid": "HT-6120",
		"Quantity": "1",
		"QuantityUnit": "EA"
	},
	{
		"DeliveryDate": "/Date(1439503200000)/",
		"GrossAmount": "460.53",
		"GrossAmountCurrency": "USD",
		"POId": "300000007",
		"POItemPos": "70",
		"Price": "129.00",
		"PriceCurrency": "USD",
		"Product": "Photo Scan",
		"Productid": "HT-1080",
		"Quantity": "3",
		"QuantityUnit": "EA"
	},
	{
		"DeliveryDate": "/Date(1439503200000)/",
		"GrossAmount": "53.55",
		"GrossAmountCurrency": "USD",
		"POId": "300000007",
		"POItemPos": "80",
		"Price": "45.00",
		"PriceCurrency": "USD",
		"Product": "ITelo MusicStick",
		"Productid": "HT-6120",
		"Quantity": "1",
		"QuantityUnit": "EA"
	},
	{
		"DeliveryDate": "/Date(1439676000000)/",
		"GrossAmount": "16.64",
		"GrossAmountCurrency": "USD",
		"POId": "300000008",
		"POItemPos": "10",
		"Price": "6.99",
		"PriceCurrency": "USD",
		"Product": "Mousepad",
		"Productid": "HT-1066",
		"Quantity": "2",
		"QuantityUnit": "EA"
	},
	{
		"DeliveryDate": "/Date(1439676000000)/",
		"GrossAmount": "1306.62",
		"GrossAmountCurrency": "USD",
		"POId": "300000008",
		"POItemPos": "20",
		"Price": "549.00",
		"PriceCurrency": "USD",
		"Product": "Cepat Tablet 10.5",
		"Productid": "HT-1257",
		"Quantity": "2",
		"QuantityUnit": "EA"
	},
	{
		"DeliveryDate": "/Date(1439676000000)/",
		"GrossAmount": "1306.62",
		"GrossAmountCurrency": "USD",
		"POId": "300000008",
		"POItemPos": "30",
		"Price": "549.00",
		"PriceCurrency": "USD",
		"Product": "Silverberry",
		"Productid": "HT-7010",
		"Quantity": "2",
		"QuantityUnit": "EA"
	},
	{
		"DeliveryDate": "/Date(1439676000000)/",
		"GrossAmount": "24.95",
		"GrossAmountCurrency": "USD",
		"POId": "300000008",
		"POItemPos": "40",
		"Price": "6.99",
		"PriceCurrency": "USD",
		"Product": "Mousepad",
		"Productid": "HT-1066",
		"Quantity": "3",
		"QuantityUnit": "EA"
	},
	{
		"DeliveryDate": "/Date(1439676000000)/",
		"GrossAmount": "653.31",
		"GrossAmountCurrency": "USD",
		"POId": "300000008",
		"POItemPos": "50",
		"Price": "549.00",
		"PriceCurrency": "USD",
		"Product": "Cepat Tablet 10.5",
		"Productid": "HT-1257",
		"Quantity": "1",
		"QuantityUnit": "EA"
	},
	{
		"DeliveryDate": "/Date(1439676000000)/",
		"GrossAmount": "1306.62",
		"GrossAmountCurrency": "USD",
		"POId": "300000008",
		"POItemPos": "60",
		"Price": "549.00",
		"PriceCurrency": "USD",
		"Product": "Silverberry",
		"Productid": "HT-7010",
		"Quantity": "2",
		"QuantityUnit": "EA"
	},
	{
		"DeliveryDate": "/Date(1439676000000)/",
		"GrossAmount": "38.08",
		"GrossAmountCurrency": "USD",
		"POId": "300000009",
		"POItemPos": "30",
		"Price": "16.00",
		"PriceCurrency": "USD",
		"Product": "Internet Keyboard",
		"Productid": "HT-1064",
		"Quantity": "2",
		"QuantityUnit": "EA"
	},
	{
		"DeliveryDate": "/Date(1439676000000)/",
		"GrossAmount": "642.60",
		"GrossAmountCurrency": "USD",
		"POId": "300000009",
		"POItemPos": "20",
		"Price": "270.00",
		"PriceCurrency": "USD",
		"Product": "Broad Screen 22HD",
		"Productid": "HT-1255",
		"Quantity": "2",
		"QuantityUnit": "EA"
	},
	{
		"DeliveryDate": "/Date(1439676000000)/",
		"GrossAmount": "1306.62",
		"GrossAmountCurrency": "USD",
		"POId": "300000009",
		"POItemPos": "10",
		"Price": "549.00",
		"PriceCurrency": "USD",
		"Product": "Platinberry",
		"Productid": "HT-7030",
		"Quantity": "2",
		"QuantityUnit": "EA"
	},
	{
		"DeliveryDate": "/Date(1439762400000)/",
		"GrossAmount": "1218.56",
		"GrossAmountCurrency": "USD",
		"POId": "300000010",
		"POItemPos": "10",
		"Price": "512.00",
		"PriceCurrency": "USD",
		"Product": "Comfort Senior",
		"Productid": "HT-1023",
		"Quantity": "2",
		"QuantityUnit": "EA"
	},
	{
		"DeliveryDate": "/Date(1439762400000)/",
		"GrossAmount": "21.18",
		"GrossAmountCurrency": "USD",
		"POId": "300000010",
		"POItemPos": "20",
		"Price": "8.90",
		"PriceCurrency": "USD",
		"Product": "PC Lock",
		"Productid": "HT-1110",
		"Quantity": "2",
		"QuantityUnit": "EA"
	},
	{
		"DeliveryDate": "/Date(1439762400000)/",
		"GrossAmount": "282.03",
		"GrossAmountCurrency": "USD",
		"POId": "300000010",
		"POItemPos": "30",
		"Price": "79.00",
		"PriceCurrency": "USD",
		"Product": "Travel Adapter",
		"Productid": "HT-1119",
		"Quantity": "3",
		"QuantityUnit": "EA"
	},
	{
		"DeliveryDate": "/Date(1439762400000)/",
		"GrossAmount": "1218.56",
		"GrossAmountCurrency": "USD",
		"POId": "300000010",
		"POItemPos": "40",
		"Price": "512.00",
		"PriceCurrency": "USD",
		"Product": "Comfort Senior",
		"Productid": "HT-1023",
		"Quantity": "2",
		"QuantityUnit": "EA"
	},
	{
		"DeliveryDate": "/Date(1439762400000)/",
		"GrossAmount": "21.18",
		"GrossAmountCurrency": "USD",
		"POId": "300000010",
		"POItemPos": "50",
		"Price": "8.90",
		"PriceCurrency": "USD",
		"Product": "PC Lock",
		"Productid": "HT-1110",
		"Quantity": "2",
		"QuantityUnit": "EA"
	},
	{
		"DeliveryDate": "/Date(1439762400000)/",
		"GrossAmount": "94.01",
		"GrossAmountCurrency": "USD",
		"POId": "300000010",
		"POItemPos": "60",
		"Price": "79.00",
		"PriceCurrency": "USD",
		"Product": "Travel Adapter",
		"Productid": "HT-1119",
		"Quantity": "1",
		"QuantityUnit": "EA"
	},
	{
		"DeliveryDate": "/Date(1439762400000)/",
		"GrossAmount": "1827.84",
		"GrossAmountCurrency": "USD",
		"POId": "300000010",
		"POItemPos": "70",
		"Price": "512.00",
		"PriceCurrency": "USD",
		"Product": "Comfort Senior",
		"Productid": "HT-1023",
		"Quantity": "3",
		"QuantityUnit": "EA"
	},
	{
		"DeliveryDate": "/Date(1439762400000)/",
		"GrossAmount": "1463.70",
		"GrossAmountCurrency": "USD",
		"POId": "300000011",
		"POItemPos": "10",
		"Price": "1230.00",
		"PriceCurrency": "USD",
		"Product": "Flat XL",
		"Productid": "HT-1037",
		"Quantity": "1",
		"QuantityUnit": "EA"
	},
	{
		"DeliveryDate": "/Date(1439762400000)/",
		"GrossAmount": "2673.93",
		"GrossAmountCurrency": "USD",
		"POId": "300000011",
		"POItemPos": "20",
		"Price": "749.00",
		"PriceCurrency": "USD",
		"Product": "Maxi Tablet",
		"Productid": "HT-9999",
		"Quantity": "3",
		"QuantityUnit": "EA"
	},
	{
		"DeliveryDate": "/Date(1439762400000)/",
		"GrossAmount": "210.63",
		"GrossAmountCurrency": "USD",
		"POId": "300000011",
		"POItemPos": "30",
		"Price": "59.00",
		"PriceCurrency": "USD",
		"Product": "Wireless DSL Router / Repeater",
		"Productid": "HT-1116",
		"Quantity": "3",
		"QuantityUnit": "EA"
	},
	{
		"DeliveryDate": "/Date(1439762400000)/",
		"GrossAmount": "1463.70",
		"GrossAmountCurrency": "USD",
		"POId": "300000011",
		"POItemPos": "40",
		"Price": "1230.00",
		"PriceCurrency": "USD",
		"Product": "Flat XL",
		"Productid": "HT-1037",
		"Quantity": "1",
		"QuantityUnit": "EA"
	},
	{
		"DeliveryDate": "/Date(1439848800000)/",
		"GrossAmount": "174.93",
		"GrossAmountCurrency": "USD",
		"POId": "300000012",
		"POItemPos": "90",
		"Price": "49.00",
		"PriceCurrency": "USD",
		"Product": "Lovely Sound 5.1 Wireless",
		"Productid": "HT-1095",
		"Quantity": "3",
		"QuantityUnit": "EA"
	},
	{
		"DeliveryDate": "/Date(1439848800000)/",
		"GrossAmount": "30.92",
		"GrossAmountCurrency": "USD",
		"POId": "300000012",
		"POItemPos": "80",
		"Price": "12.99",
		"PriceCurrency": "USD",
		"Product": "Designer Mousepad",
		"Productid": "HT-1068",
		"Quantity": "2",
		"QuantityUnit": "EA"
	},
	{
		"DeliveryDate": "/Date(1439848800000)/",
		"GrossAmount": "58.31",
		"GrossAmountCurrency": "USD",
		"POId": "300000012",
		"POItemPos": "70",
		"Price": "49.00",
		"PriceCurrency": "USD",
		"Product": "Lovely Sound 5.1 Wireless",
		"Productid": "HT-1095",
		"Quantity": "1",
		"QuantityUnit": "EA"
	},
	{
		"DeliveryDate": "/Date(1439848800000)/",
		"GrossAmount": "30.92",
		"GrossAmountCurrency": "USD",
		"POId": "300000012",
		"POItemPos": "60",
		"Price": "12.99",
		"PriceCurrency": "USD",
		"Product": "Designer Mousepad",
		"Productid": "HT-1068",
		"Quantity": "2",
		"QuantityUnit": "EA"
	},
	{
		"DeliveryDate": "/Date(1439848800000)/",
		"GrossAmount": "116.62",
		"GrossAmountCurrency": "USD",
		"POId": "300000012",
		"POItemPos": "50",
		"Price": "49.00",
		"PriceCurrency": "USD",
		"Product": "Lovely Sound 5.1 Wireless",
		"Productid": "HT-1095",
		"Quantity": "2",
		"QuantityUnit": "EA"
	},
	{
		"DeliveryDate": "/Date(1439848800000)/",
		"GrossAmount": "46.37",
		"GrossAmountCurrency": "USD",
		"POId": "300000012",
		"POItemPos": "40",
		"Price": "12.99",
		"PriceCurrency": "USD",
		"Product": "Designer Mousepad",
		"Productid": "HT-1068",
		"Quantity": "3",
		"QuantityUnit": "EA"
	},
	{
		"DeliveryDate": "/Date(1439848800000)/",
		"GrossAmount": "116.62",
		"GrossAmountCurrency": "USD",
		"POId": "300000012",
		"POItemPos": "30",
		"Price": "49.00",
		"PriceCurrency": "USD",
		"Product": "Lovely Sound 5.1 Wireless",
		"Productid": "HT-1095",
		"Quantity": "2",
		"QuantityUnit": "EA"
	},
	{
		"DeliveryDate": "/Date(1439848800000)/",
		"GrossAmount": "30.92",
		"GrossAmountCurrency": "USD",
		"POId": "300000012",
		"POItemPos": "20",
		"Price": "12.99",
		"PriceCurrency": "USD",
		"Product": "Designer Mousepad",
		"Productid": "HT-1068",
		"Quantity": "2",
		"QuantityUnit": "EA"
	},
	{
		"DeliveryDate": "/Date(1439848800000)/",
		"GrossAmount": "116.62",
		"GrossAmountCurrency": "USD",
		"POId": "300000012",
		"POItemPos": "10",
		"Price": "49.00",
		"PriceCurrency": "USD",
		"Product": "Lovely Sound 5.1 Wireless",
		"Productid": "HT-1095",
		"Quantity": "2",
		"QuantityUnit": "EA"
	},
	{
		"DeliveryDate": "/Date(1439935200000)/",
		"GrossAmount": "1176.91",
		"GrossAmountCurrency": "USD",
		"POId": "300000013",
		"POItemPos": "10",
		"Price": "989.00",
		"PriceCurrency": "USD",
		"Product": "Astro Laptop 1516",
		"Productid": "HT-1251",
		"Quantity": "1",
		"QuantityUnit": "EA"
	},
	{
		"DeliveryDate": "/Date(1439935200000)/",
		"GrossAmount": "32.13",
		"GrossAmountCurrency": "USD",
		"POId": "300000013",
		"POItemPos": "20",
		"Price": "9.00",
		"PriceCurrency": "USD",
		"Product": "Cordless Mouse",
		"Productid": "HT-1060",
		"Quantity": "3",
		"QuantityUnit": "EA"
	},
	{
		"DeliveryDate": "/Date(1439935200000)/",
		"GrossAmount": "59500.00",
		"GrossAmountCurrency": "USD",
		"POId": "300000013",
		"POItemPos": "30",
		"Price": "25000.00",
		"PriceCurrency": "USD",
		"Product": "Server Power Pro",
		"Productid": "HT-1502",
		"Quantity": "2",
		"QuantityUnit": "EA"
	},
	{
		"DeliveryDate": "/Date(1439935200000)/",
		"GrossAmount": "2353.82",
		"GrossAmountCurrency": "USD",
		"POId": "300000013",
		"POItemPos": "40",
		"Price": "989.00",
		"PriceCurrency": "USD",
		"Product": "Astro Laptop 1516",
		"Productid": "HT-1251",
		"Quantity": "2",
		"QuantityUnit": "EA"
	},
	{
		"DeliveryDate": "/Date(1439935200000)/",
		"GrossAmount": "32.13",
		"GrossAmountCurrency": "USD",
		"POId": "300000013",
		"POItemPos": "50",
		"Price": "9.00",
		"PriceCurrency": "USD",
		"Product": "Cordless Mouse",
		"Productid": "HT-1060",
		"Quantity": "3",
		"QuantityUnit": "EA"
	},
	{
		"DeliveryDate": "/Date(1439935200000)/",
		"GrossAmount": "59500.00",
		"GrossAmountCurrency": "USD",
		"POId": "300000013",
		"POItemPos": "60",
		"Price": "25000.00",
		"PriceCurrency": "USD",
		"Product": "Server Power Pro",
		"Productid": "HT-1502",
		"Quantity": "2",
		"QuantityUnit": "EA"
	},
	{
		"DeliveryDate": "/Date(1439935200000)/",
		"GrossAmount": "2353.82",
		"GrossAmountCurrency": "USD",
		"POId": "300000013",
		"POItemPos": "70",
		"Price": "989.00",
		"PriceCurrency": "USD",
		"Product": "Astro Laptop 1516",
		"Productid": "HT-1251",
		"Quantity": "2",
		"QuantityUnit": "EA"
	},
	{
		"DeliveryDate": "/Date(1440280800000)/",
		"GrossAmount": "1231.65",
		"GrossAmountCurrency": "USD",
		"POId": "300000014",
		"POItemPos": "60",
		"Price": "345.00",
		"PriceCurrency": "USD",
		"Product": "Ergo Screen E-III",
		"Productid": "HT-1032",
		"Quantity": "3",
		"QuantityUnit": "EA"
	},
	{
		"DeliveryDate": "/Date(1440280800000)/",
		"GrossAmount": "2.74",
		"GrossAmountCurrency": "USD",
		"POId": "300000014",
		"POItemPos": "50",
		"Price": "2.30",
		"PriceCurrency": "USD",
		"Product": "Screen clean",
		"Productid": "HT-1113",
		"Quantity": "1",
		"QuantityUnit": "EA"
	},
	{
		"DeliveryDate": "/Date(1440280800000)/",
		"GrossAmount": "1426.81",
		"GrossAmountCurrency": "USD",
		"POId": "300000014",
		"POItemPos": "40",
		"Price": "1199.00",
		"PriceCurrency": "USD",
		"Product": "ITelO FlexTop I9100",
		"Productid": "HT-8002",
		"Quantity": "1",
		"QuantityUnit": "EA"
	},
	{
		"DeliveryDate": "/Date(1440280800000)/",
		"GrossAmount": "410.55",
		"GrossAmountCurrency": "USD",
		"POId": "300000014",
		"POItemPos": "30",
		"Price": "345.00",
		"PriceCurrency": "USD",
		"Product": "Ergo Screen E-III",
		"Productid": "HT-1032",
		"Quantity": "1",
		"QuantityUnit": "EA"
	},
	{
		"DeliveryDate": "/Date(1440280800000)/",
		"GrossAmount": "5.47",
		"GrossAmountCurrency": "USD",
		"POId": "300000014",
		"POItemPos": "20",
		"Price": "2.30",
		"PriceCurrency": "USD",
		"Product": "Screen clean",
		"Productid": "HT-1113",
		"Quantity": "2",
		"QuantityUnit": "EA"
	},
	{
		"DeliveryDate": "/Date(1440280800000)/",
		"GrossAmount": "1426.81",
		"GrossAmountCurrency": "USD",
		"POId": "300000014",
		"POItemPos": "10",
		"Price": "1199.00",
		"PriceCurrency": "USD",
		"Product": "ITelO FlexTop I9100",
		"Productid": "HT-8002",
		"Quantity": "1",
		"QuantityUnit": "EA"
	},
	{
		"DeliveryDate": "/Date(1440280800000)/",
		"GrossAmount": "3173.73",
		"GrossAmountCurrency": "USD",
		"POId": "300000015",
		"POItemPos": "10",
		"Price": "889.00",
		"PriceCurrency": "USD",
		"Product": "Phini Projector B-3",
		"Productid": "HT-6102",
		"Quantity": "3",
		"QuantityUnit": "EA"
	},
	{
		"DeliveryDate": "/Date(1440280800000)/",
		"GrossAmount": "449.82",
		"GrossAmountCurrency": "USD",
		"POId": "300000015",
		"POItemPos": "20",
		"Price": "189.00",
		"PriceCurrency": "USD",
		"Product": "Jet Scan Professional",
		"Productid": "HT-1083",
		"Quantity": "2",
		"QuantityUnit": "EA"
	},
	{
		"DeliveryDate": "/Date(1440280800000)/",
		"GrossAmount": "1057.91",
		"GrossAmountCurrency": "USD",
		"POId": "300000015",
		"POItemPos": "30",
		"Price": "889.00",
		"PriceCurrency": "USD",
		"Product": "Phini Projector B-3",
		"Productid": "HT-6102",
		"Quantity": "1",
		"QuantityUnit": "EA"
	},
	{
		"DeliveryDate": "/Date(1440280800000)/",
		"GrossAmount": "674.73",
		"GrossAmountCurrency": "USD",
		"POId": "300000015",
		"POItemPos": "40",
		"Price": "189.00",
		"PriceCurrency": "USD",
		"Product": "Jet Scan Professional",
		"Productid": "HT-1083",
		"Quantity": "3",
		"QuantityUnit": "EA"
	},
	{
		"DeliveryDate": "/Date(1440280800000)/",
		"GrossAmount": "2115.82",
		"GrossAmountCurrency": "USD",
		"POId": "300000015",
		"POItemPos": "50",
		"Price": "889.00",
		"PriceCurrency": "USD",
		"Product": "Phini Projector B-3",
		"Productid": "HT-6102",
		"Quantity": "2",
		"QuantityUnit": "EA"
	},
	{
		"DeliveryDate": "/Date(1440280800000)/",
		"GrossAmount": "224.91",
		"GrossAmountCurrency": "USD",
		"POId": "300000015",
		"POItemPos": "60",
		"Price": "189.00",
		"PriceCurrency": "USD",
		"Product": "Jet Scan Professional",
		"Productid": "HT-1083",
		"Quantity": "1",
		"QuantityUnit": "EA"
	},
	{
		"DeliveryDate": "/Date(1440280800000)/",
		"GrossAmount": "2115.82",
		"GrossAmountCurrency": "USD",
		"POId": "300000015",
		"POItemPos": "70",
		"Price": "889.00",
		"PriceCurrency": "USD",
		"Product": "Phini Projector B-3",
		"Productid": "HT-6102",
		"Quantity": "2",
		"QuantityUnit": "EA"
	},
	{
		"DeliveryDate": "/Date(1440280800000)/",
		"GrossAmount": "674.73",
		"GrossAmountCurrency": "USD",
		"POId": "300000015",
		"POItemPos": "80",
		"Price": "189.00",
		"PriceCurrency": "USD",
		"Product": "Jet Scan Professional",
		"Productid": "HT-1083",
		"Quantity": "3",
		"QuantityUnit": "EA"
	},
	{
		"DeliveryDate": "/Date(1440280800000)/",
		"GrossAmount": "2115.82",
		"GrossAmountCurrency": "USD",
		"POId": "300000015",
		"POItemPos": "90",
		"Price": "889.00",
		"PriceCurrency": "USD",
		"Product": "Phini Projector B-3",
		"Productid": "HT-6102",
		"Quantity": "2",
		"QuantityUnit": "EA"
	},
	{
		"DeliveryDate": "/Date(1440367200000)/",
		"GrossAmount": "307.02",
		"GrossAmountCurrency": "USD",
		"POId": "300000016",
		"POItemPos": "10",
		"Price": "129.00",
		"PriceCurrency": "USD",
		"Product": "Photo Scan",
		"Productid": "HT-1080",
		"Quantity": "2",
		"QuantityUnit": "EA"
	},
	{
		"DeliveryDate": "/Date(1440367200000)/",
		"GrossAmount": "53.55",
		"GrossAmountCurrency": "USD",
		"POId": "300000016",
		"POItemPos": "20",
		"Price": "45.00",
		"PriceCurrency": "USD",
		"Product": "ITelo MusicStick",
		"Productid": "HT-6120",
		"Quantity": "1",
		"QuantityUnit": "EA"
	},
	{
		"DeliveryDate": "/Date(1440367200000)/",
		"GrossAmount": "307.02",
		"GrossAmountCurrency": "USD",
		"POId": "300000016",
		"POItemPos": "30",
		"Price": "129.00",
		"PriceCurrency": "USD",
		"Product": "Photo Scan",
		"Productid": "HT-1080",
		"Quantity": "2",
		"QuantityUnit": "EA"
	},
	{
		"DeliveryDate": "/Date(1440453600000)/",
		"GrossAmount": "33.32",
		"GrossAmountCurrency": "USD",
		"POId": "300000017",
		"POItemPos": "20",
		"Price": "14.00",
		"PriceCurrency": "USD",
		"Product": "Universal card reader",
		"Productid": "HT-1069",
		"Quantity": "2",
		"QuantityUnit": "EA"
	},
	{
		"DeliveryDate": "/Date(1440453600000)/",
		"GrossAmount": "46.41",
		"GrossAmountCurrency": "USD",
		"POId": "300000017",
		"POItemPos": "10",
		"Price": "39.00",
		"PriceCurrency": "USD",
		"Product": "Lovely Sound 5.1",
		"Productid": "HT-1096",
		"Quantity": "1",
		"QuantityUnit": "EA"
	},
	{
		"DeliveryDate": "/Date(1440540000000)/",
		"GrossAmount": "24.99",
		"GrossAmountCurrency": "USD",
		"POId": "300000018",
		"POItemPos": "10",
		"Price": "7.00",
		"PriceCurrency": "USD",
		"Product": "Speed Mouse",
		"Productid": "HT-1061",
		"Quantity": "3",
		"QuantityUnit": "EA"
	},
	{
		"DeliveryDate": "/Date(1440540000000)/",
		"GrossAmount": "5208.63",
		"GrossAmountCurrency": "USD",
		"POId": "300000018",
		"POItemPos": "20",
		"Price": "1459.00",
		"PriceCurrency": "USD",
		"Product": "Flat Watch HD32",
		"Productid": "HT-6130",
		"Quantity": "3",
		"QuantityUnit": "EA"
	},
	{
		"DeliveryDate": "/Date(1440540000000)/",
		"GrossAmount": "772.31",
		"GrossAmountCurrency": "USD",
		"POId": "300000018",
		"POItemPos": "30",
		"Price": "649.00",
		"PriceCurrency": "USD",
		"Product": "Astro Phone 6",
		"Productid": "HT-1252",
		"Quantity": "1",
		"QuantityUnit": "EA"
	},
	{
		"DeliveryDate": "/Date(1440540000000)/",
		"GrossAmount": "16.66",
		"GrossAmountCurrency": "USD",
		"POId": "300000018",
		"POItemPos": "40",
		"Price": "7.00",
		"PriceCurrency": "USD",
		"Product": "Speed Mouse",
		"Productid": "HT-1061",
		"Quantity": "2",
		"QuantityUnit": "EA"
	},
	{
		"DeliveryDate": "/Date(1440540000000)/",
		"GrossAmount": "196.35",
		"GrossAmountCurrency": "USD",
		"POId": "300000019",
		"POItemPos": "10",
		"Price": "55.00",
		"PriceCurrency": "USD",
		"Product": "Smart Games",
		"Productid": "HT-1104",
		"Quantity": "3",
		"QuantityUnit": "EA"
	},
	{
		"DeliveryDate": "/Date(1440540000000)/",
		"GrossAmount": "2735.81",
		"GrossAmountCurrency": "USD",
		"POId": "300000019",
		"POItemPos": "20",
		"Price": "2299.00",
		"PriceCurrency": "USD",
		"Product": "Notebook Professional 17",
		"Productid": "HT-1011",
		"Quantity": "1",
		"QuantityUnit": "EA"
	},
	{
		"DeliveryDate": "/Date(1440540000000)/",
		"GrossAmount": "6069.00",
		"GrossAmountCurrency": "USD",
		"POId": "300000019",
		"POItemPos": "30",
		"Price": "1700.00",
		"PriceCurrency": "USD",
		"Product": "Gaming Monster Pro",
		"Productid": "HT-1603",
		"Quantity": "3",
		"QuantityUnit": "EA"
	},
	{
		"DeliveryDate": "/Date(1440540000000)/",
		"GrossAmount": "65.45",
		"GrossAmountCurrency": "USD",
		"POId": "300000019",
		"POItemPos": "40",
		"Price": "55.00",
		"PriceCurrency": "USD",
		"Product": "Smart Games",
		"Productid": "HT-1104",
		"Quantity": "1",
		"QuantityUnit": "EA"
	},
	{
		"DeliveryDate": "/Date(1440540000000)/",
		"GrossAmount": "8207.43",
		"GrossAmountCurrency": "USD",
		"POId": "300000019",
		"POItemPos": "50",
		"Price": "2299.00",
		"PriceCurrency": "USD",
		"Product": "Notebook Professional 17",
		"Productid": "HT-1011",
		"Quantity": "3",
		"QuantityUnit": "EA"
	},
	{
		"DeliveryDate": "/Date(1440540000000)/",
		"GrossAmount": "2023.00",
		"GrossAmountCurrency": "USD",
		"POId": "300000019",
		"POItemPos": "60",
		"Price": "1700.00",
		"PriceCurrency": "USD",
		"Product": "Gaming Monster Pro",
		"Productid": "HT-1603",
		"Quantity": "1",
		"QuantityUnit": "EA"
	},
	{
		"DeliveryDate": "/Date(1441058400000)/",
		"GrossAmount": "2377.62",
		"GrossAmountCurrency": "USD",
		"POId": "300000020",
		"POItemPos": "90",
		"Price": "999.00",
		"PriceCurrency": "USD",
		"Product": "ITelO FlexTop I6300c",
		"Productid": "HT-8001",
		"Quantity": "2",
		"QuantityUnit": "EA"
	},
	{
		"DeliveryDate": "/Date(1441058400000)/",
		"GrossAmount": "139.23",
		"GrossAmountCurrency": "USD",
		"POId": "300000020",
		"POItemPos": "80",
		"Price": "39.00",
		"PriceCurrency": "USD",
		"Product": "Web cam reality",
		"Productid": "HT-1112",
		"Quantity": "3",
		"QuantityUnit": "EA"
	},
	{
		"DeliveryDate": "/Date(1441058400000)/",
		"GrossAmount": "678.30",
		"GrossAmountCurrency": "USD",
		"POId": "300000020",
		"POItemPos": "70",
		"Price": "285.00",
		"PriceCurrency": "USD",
		"Product": "Ergo Screen E-II",
		"Productid": "HT-1031",
		"Quantity": "2",
		"QuantityUnit": "EA"
	},
	{
		"DeliveryDate": "/Date(1441058400000)/",
		"GrossAmount": "1188.81",
		"GrossAmountCurrency": "USD",
		"POId": "300000020",
		"POItemPos": "60",
		"Price": "999.00",
		"PriceCurrency": "USD",
		"Product": "ITelO FlexTop I6300c",
		"Productid": "HT-8001",
		"Quantity": "1",
		"QuantityUnit": "EA"
	},
	{
		"DeliveryDate": "/Date(1441058400000)/",
		"GrossAmount": "46.41",
		"GrossAmountCurrency": "USD",
		"POId": "300000020",
		"POItemPos": "50",
		"Price": "39.00",
		"PriceCurrency": "USD",
		"Product": "Web cam reality",
		"Productid": "HT-1112",
		"Quantity": "1",
		"QuantityUnit": "EA"
	},
	{
		"DeliveryDate": "/Date(1441058400000)/",
		"GrossAmount": "678.30",
		"GrossAmountCurrency": "USD",
		"POId": "300000020",
		"POItemPos": "40",
		"Price": "285.00",
		"PriceCurrency": "USD",
		"Product": "Ergo Screen E-II",
		"Productid": "HT-1031",
		"Quantity": "2",
		"QuantityUnit": "EA"
	},
	{
		"DeliveryDate": "/Date(1441058400000)/",
		"GrossAmount": "2377.62",
		"GrossAmountCurrency": "USD",
		"POId": "300000020",
		"POItemPos": "30",
		"Price": "999.00",
		"PriceCurrency": "USD",
		"Product": "ITelO FlexTop I6300c",
		"Productid": "HT-8001",
		"Quantity": "2",
		"QuantityUnit": "EA"
	},
	{
		"DeliveryDate": "/Date(1441058400000)/",
		"GrossAmount": "92.82",
		"GrossAmountCurrency": "USD",
		"POId": "300000020",
		"POItemPos": "20",
		"Price": "39.00",
		"PriceCurrency": "USD",
		"Product": "Web cam reality",
		"Productid": "HT-1112",
		"Quantity": "2",
		"QuantityUnit": "EA"
	},
	{
		"DeliveryDate": "/Date(1441058400000)/",
		"GrossAmount": "678.30",
		"GrossAmountCurrency": "USD",
		"POId": "300000020",
		"POItemPos": "10",
		"Price": "285.00",
		"PriceCurrency": "USD",
		"Product": "Ergo Screen E-II",
		"Productid": "HT-1031",
		"Quantity": "2",
		"QuantityUnit": "EA"
	},
	{
		"DeliveryDate": "/Date(1441231200000)/",
		"GrossAmount": "61.88",
		"GrossAmountCurrency": "USD",
		"POId": "300000021",
		"POItemPos": "10",
		"Price": "26.00",
		"PriceCurrency": "USD",
		"Product": "Media Keyboard",
		"Productid": "HT-1065",
		"Quantity": "2",
		"QuantityUnit": "EA"
	},
	{
		"DeliveryDate": "/Date(1441231200000)/",
		"GrossAmount": "653.31",
		"GrossAmountCurrency": "USD",
		"POId": "300000021",
		"POItemPos": "20",
		"Price": "549.00",
		"PriceCurrency": "USD",
		"Product": "Goldberry",
		"Productid": "HT-7020",
		"Quantity": "1",
		"QuantityUnit": "EA"
	},
	{
		"DeliveryDate": "/Date(1441231200000)/",
		"GrossAmount": "1306.62",
		"GrossAmountCurrency": "USD",
		"POId": "300000021",
		"POItemPos": "30",
		"Price": "549.00",
		"PriceCurrency": "USD",
		"Product": "Cerdik Phone 7",
		"Productid": "HT-1256",
		"Quantity": "2",
		"QuantityUnit": "EA"
	},
	{
		"DeliveryDate": "/Date(1441231200000)/",
		"GrossAmount": "353.43",
		"GrossAmountCurrency": "USD",
		"POId": "300000022",
		"POItemPos": "10",
		"Price": "99.00",
		"PriceCurrency": "USD",
		"Product": "Multi Print",
		"Productid": "HT-1055",
		"Quantity": "3",
		"QuantityUnit": "EA"
	},
	{
		"DeliveryDate": "/Date(1441231200000)/",
		"GrossAmount": "17850.00",
		"GrossAmountCurrency": "USD",
		"POId": "300000022",
		"POItemPos": "20",
		"Price": "5000.00",
		"PriceCurrency": "USD",
		"Product": "Server Basic",
		"Productid": "HT-1500",
		"Quantity": "3",
		"QuantityUnit": "EA"
	},
	{
		"DeliveryDate": "/Date(1441576800000)/",
		"GrossAmount": "6069.00",
		"GrossAmountCurrency": "USD",
		"POId": "300000023",
		"POItemPos": "10",
		"Price": "1700.00",
		"PriceCurrency": "USD",
		"Product": "Gaming Monster Pro",
		"Productid": "HT-1603",
		"Quantity": "3",
		"QuantityUnit": "EA"
	},
	{
		"DeliveryDate": "/Date(1441576800000)/",
		"GrossAmount": "196.35",
		"GrossAmountCurrency": "USD",
		"POId": "300000023",
		"POItemPos": "20",
		"Price": "55.00",
		"PriceCurrency": "USD",
		"Product": "Smart Games",
		"Productid": "HT-1104",
		"Quantity": "3",
		"QuantityUnit": "EA"
	},
	{
		"DeliveryDate": "/Date(1441576800000)/",
		"GrossAmount": "2735.81",
		"GrossAmountCurrency": "USD",
		"POId": "300000023",
		"POItemPos": "30",
		"Price": "2299.00",
		"PriceCurrency": "USD",
		"Product": "Notebook Professional 17",
		"Productid": "HT-1011",
		"Quantity": "1",
		"QuantityUnit": "EA"
	},
	{
		"DeliveryDate": "/Date(1441576800000)/",
		"GrossAmount": "4046.00",
		"GrossAmountCurrency": "USD",
		"POId": "300000023",
		"POItemPos": "40",
		"Price": "1700.00",
		"PriceCurrency": "USD",
		"Product": "Gaming Monster Pro",
		"Productid": "HT-1603",
		"Quantity": "2",
		"QuantityUnit": "EA"
	},
	{
		"DeliveryDate": "/Date(1442008800000)/",
		"GrossAmount": "149.94",
		"GrossAmountCurrency": "USD",
		"POId": "300000024",
		"POItemPos": "70",
		"Price": "63.00",
		"PriceCurrency": "USD",
		"Product": "ITelo Jog-Mate",
		"Productid": "HT-6121",
		"Quantity": "2",
		"QuantityUnit": "EA"
	},
	{
		"DeliveryDate": "/Date(1442008800000)/",
		"GrossAmount": "166.59",
		"GrossAmountCurrency": "USD",
		"POId": "300000024",
		"POItemPos": "60",
		"Price": "139.99",
		"PriceCurrency": "USD",
		"Product": "Hurricane GX/LN",
		"Productid": "HT-1073",
		"Quantity": "1",
		"QuantityUnit": "EA"
	},
	{
		"DeliveryDate": "/Date(1442008800000)/",
		"GrossAmount": "149.94",
		"GrossAmountCurrency": "USD",
		"POId": "300000024",
		"POItemPos": "50",
		"Price": "63.00",
		"PriceCurrency": "USD",
		"Product": "ITelo Jog-Mate",
		"Productid": "HT-6121",
		"Quantity": "2",
		"QuantityUnit": "EA"
	},
	{
		"DeliveryDate": "/Date(1442008800000)/",
		"GrossAmount": "499.76",
		"GrossAmountCurrency": "USD",
		"POId": "300000024",
		"POItemPos": "40",
		"Price": "139.99",
		"PriceCurrency": "USD",
		"Product": "Hurricane GX/LN",
		"Productid": "HT-1073",
		"Quantity": "3",
		"QuantityUnit": "EA"
	},
	{
		"DeliveryDate": "/Date(1442008800000)/",
		"GrossAmount": "224.91",
		"GrossAmountCurrency": "USD",
		"POId": "300000024",
		"POItemPos": "30",
		"Price": "63.00",
		"PriceCurrency": "USD",
		"Product": "ITelo Jog-Mate",
		"Productid": "HT-6121",
		"Quantity": "3",
		"QuantityUnit": "EA"
	},
	{
		"DeliveryDate": "/Date(1442008800000)/",
		"GrossAmount": "499.76",
		"GrossAmountCurrency": "USD",
		"POId": "300000024",
		"POItemPos": "20",
		"Price": "139.99",
		"PriceCurrency": "USD",
		"Product": "Hurricane GX/LN",
		"Productid": "HT-1073",
		"Quantity": "3",
		"QuantityUnit": "EA"
	},
	{
		"DeliveryDate": "/Date(1442008800000)/",
		"GrossAmount": "224.91",
		"GrossAmountCurrency": "USD",
		"POId": "300000024",
		"POItemPos": "10",
		"Price": "63.00",
		"PriceCurrency": "USD",
		"Product": "ITelo Jog-Mate",
		"Productid": "HT-6121",
		"Quantity": "3",
		"QuantityUnit": "EA"
	},
	{
		"DeliveryDate": "/Date(1442268000000)/",
		"GrossAmount": "772.31",
		"GrossAmountCurrency": "USD",
		"POId": "300000025",
		"POItemPos": "10",
		"Price": "649.00",
		"PriceCurrency": "USD",
		"Product": "Astro Phone 6",
		"Productid": "HT-1252",
		"Quantity": "1",
		"QuantityUnit": "EA"
	},
	{
		"DeliveryDate": "/Date(1442268000000)/",
		"GrossAmount": "16.66",
		"GrossAmountCurrency": "USD",
		"POId": "300000025",
		"POItemPos": "20",
		"Price": "7.00",
		"PriceCurrency": "USD",
		"Product": "Speed Mouse",
		"Productid": "HT-1061",
		"Quantity": "2",
		"QuantityUnit": "EA"
	},
	{
		"DeliveryDate": "/Date(1442268000000)/",
		"GrossAmount": "3472.42",
		"GrossAmountCurrency": "USD",
		"POId": "300000025",
		"POItemPos": "30",
		"Price": "1459.00",
		"PriceCurrency": "USD",
		"Product": "Flat Watch HD32",
		"Productid": "HT-6130",
		"Quantity": "2",
		"QuantityUnit": "EA"
	},
	{
		"DeliveryDate": "/Date(1442268000000)/",
		"GrossAmount": "1544.62",
		"GrossAmountCurrency": "USD",
		"POId": "300000025",
		"POItemPos": "40",
		"Price": "649.00",
		"PriceCurrency": "USD",
		"Product": "Astro Phone 6",
		"Productid": "HT-1252",
		"Quantity": "2",
		"QuantityUnit": "EA"
	},
	{
		"DeliveryDate": "/Date(1442268000000)/",
		"GrossAmount": "24.99",
		"GrossAmountCurrency": "USD",
		"POId": "300000025",
		"POItemPos": "50",
		"Price": "7.00",
		"PriceCurrency": "USD",
		"Product": "Speed Mouse",
		"Productid": "HT-1061",
		"Quantity": "3",
		"QuantityUnit": "EA"
	},
	{
		"DeliveryDate": "/Date(1442268000000)/",
		"GrossAmount": "3472.42",
		"GrossAmountCurrency": "USD",
		"POId": "300000025",
		"POItemPos": "60",
		"Price": "1459.00",
		"PriceCurrency": "USD",
		"Product": "Flat Watch HD32",
		"Productid": "HT-6130",
		"Quantity": "2",
		"QuantityUnit": "EA"
	},
	{
		"DeliveryDate": "/Date(1442268000000)/",
		"GrossAmount": "1544.62",
		"GrossAmountCurrency": "USD",
		"POId": "300000025",
		"POItemPos": "70",
		"Price": "649.00",
		"PriceCurrency": "USD",
		"Product": "Astro Phone 6",
		"Productid": "HT-1252",
		"Quantity": "2",
		"QuantityUnit": "EA"
	},
	{
		"DeliveryDate": "/Date(1442268000000)/",
		"GrossAmount": "16.66",
		"GrossAmountCurrency": "USD",
		"POId": "300000025",
		"POItemPos": "80",
		"Price": "7.00",
		"PriceCurrency": "USD",
		"Product": "Speed Mouse",
		"Productid": "HT-1061",
		"Quantity": "2",
		"QuantityUnit": "EA"
	},
	{
		"DeliveryDate": "/Date(1442268000000)/",
		"GrossAmount": "5208.63",
		"GrossAmountCurrency": "USD",
		"POId": "300000025",
		"POItemPos": "90",
		"Price": "1459.00",
		"PriceCurrency": "USD",
		"Product": "Flat Watch HD32",
		"Productid": "HT-6130",
		"Quantity": "3",
		"QuantityUnit": "EA"
	},
	{
		"DeliveryDate": "/Date(1442268000000)/",
		"GrossAmount": "2316.93",
		"GrossAmountCurrency": "USD",
		"POId": "300000025",
		"POItemPos": "100",
		"Price": "649.00",
		"PriceCurrency": "USD",
		"Product": "Astro Phone 6",
		"Productid": "HT-1252",
		"Quantity": "3",
		"QuantityUnit": "EA"
	},
	{
		"DeliveryDate": "/Date(1442440800000)/",
		"GrossAmount": "531.93",
		"GrossAmountCurrency": "USD",
		"POId": "300000026",
		"POItemPos": "100",
		"Price": "149.00",
		"PriceCurrency": "USD",
		"Product": "ITelO Vault SAT",
		"Productid": "HT-1021",
		"Quantity": "3",
		"QuantityUnit": "EA"
	},
	{
		"DeliveryDate": "/Date(1442440800000)/",
		"GrossAmount": "2142.00",
		"GrossAmountCurrency": "USD",
		"POId": "300000026",
		"POItemPos": "90",
		"Price": "900.00",
		"PriceCurrency": "USD",
		"Product": "Family PC Pro",
		"Productid": "HT-1601",
		"Quantity": "2",
		"QuantityUnit": "EA"
	},
	{
		"DeliveryDate": "/Date(1442440800000)/",
		"GrossAmount": "121.38",
		"GrossAmountCurrency": "USD",
		"POId": "300000026",
		"POItemPos": "80",
		"Price": "34.00",
		"PriceCurrency": "USD",
		"Product": "Smart Firewall",
		"Productid": "HT-1106",
		"Quantity": "3",
		"QuantityUnit": "EA"
	},
	{
		"DeliveryDate": "/Date(1442440800000)/",
		"GrossAmount": "531.93",
		"GrossAmountCurrency": "USD",
		"POId": "300000026",
		"POItemPos": "70",
		"Price": "149.00",
		"PriceCurrency": "USD",
		"Product": "ITelO Vault SAT",
		"Productid": "HT-1021",
		"Quantity": "3",
		"QuantityUnit": "EA"
	},
	{
		"DeliveryDate": "/Date(1442440800000)/",
		"GrossAmount": "2142.00",
		"GrossAmountCurrency": "USD",
		"POId": "300000026",
		"POItemPos": "60",
		"Price": "900.00",
		"PriceCurrency": "USD",
		"Product": "Family PC Pro",
		"Productid": "HT-1601",
		"Quantity": "2",
		"QuantityUnit": "EA"
	},
	{
		"DeliveryDate": "/Date(1442440800000)/",
		"GrossAmount": "80.92",
		"GrossAmountCurrency": "USD",
		"POId": "300000026",
		"POItemPos": "50",
		"Price": "34.00",
		"PriceCurrency": "USD",
		"Product": "Smart Firewall",
		"Productid": "HT-1106",
		"Quantity": "2",
		"QuantityUnit": "EA"
	},
	{
		"DeliveryDate": "/Date(1442440800000)/",
		"GrossAmount": "354.62",
		"GrossAmountCurrency": "USD",
		"POId": "300000026",
		"POItemPos": "40",
		"Price": "149.00",
		"PriceCurrency": "USD",
		"Product": "ITelO Vault SAT",
		"Productid": "HT-1021",
		"Quantity": "2",
		"QuantityUnit": "EA"
	},
	{
		"DeliveryDate": "/Date(1442440800000)/",
		"GrossAmount": "2142.00",
		"GrossAmountCurrency": "USD",
		"POId": "300000026",
		"POItemPos": "30",
		"Price": "900.00",
		"PriceCurrency": "USD",
		"Product": "Family PC Pro",
		"Productid": "HT-1601",
		"Quantity": "2",
		"QuantityUnit": "EA"
	},
	{
		"DeliveryDate": "/Date(1442440800000)/",
		"GrossAmount": "40.46",
		"GrossAmountCurrency": "USD",
		"POId": "300000026",
		"POItemPos": "20",
		"Price": "34.00",
		"PriceCurrency": "USD",
		"Product": "Smart Firewall",
		"Productid": "HT-1106",
		"Quantity": "1",
		"QuantityUnit": "EA"
	},
	{
		"DeliveryDate": "/Date(1442440800000)/",
		"GrossAmount": "354.62",
		"GrossAmountCurrency": "USD",
		"POId": "300000026",
		"POItemPos": "10",
		"Price": "149.00",
		"PriceCurrency": "USD",
		"Product": "ITelO Vault SAT",
		"Productid": "HT-1021",
		"Quantity": "2",
		"QuantityUnit": "EA"
	},
	{
		"DeliveryDate": "/Date(1442527200000)/",
		"GrossAmount": "449.82",
		"GrossAmountCurrency": "USD",
		"POId": "300000027",
		"POItemPos": "80",
		"Price": "189.00",
		"PriceCurrency": "USD",
		"Product": "Jet Scan Professional",
		"Productid": "HT-1083",
		"Quantity": "2",
		"QuantityUnit": "EA"
	},
	{
		"DeliveryDate": "/Date(1442527200000)/",
		"GrossAmount": "1057.91",
		"GrossAmountCurrency": "USD",
		"POId": "300000027",
		"POItemPos": "70",
		"Price": "889.00",
		"PriceCurrency": "USD",
		"Product": "Phini Projector B-3",
		"Productid": "HT-6102",
		"Quantity": "1",
		"QuantityUnit": "EA"
	},
	{
		"DeliveryDate": "/Date(1442527200000)/",
		"GrossAmount": "449.82",
		"GrossAmountCurrency": "USD",
		"POId": "300000027",
		"POItemPos": "60",
		"Price": "189.00",
		"PriceCurrency": "USD",
		"Product": "Jet Scan Professional",
		"Productid": "HT-1083",
		"Quantity": "2",
		"QuantityUnit": "EA"
	},
	{
		"DeliveryDate": "/Date(1442527200000)/",
		"GrossAmount": "1057.91",
		"GrossAmountCurrency": "USD",
		"POId": "300000027",
		"POItemPos": "50",
		"Price": "889.00",
		"PriceCurrency": "USD",
		"Product": "Phini Projector B-3",
		"Productid": "HT-6102",
		"Quantity": "1",
		"QuantityUnit": "EA"
	},
	{
		"DeliveryDate": "/Date(1442527200000)/",
		"GrossAmount": "449.82",
		"GrossAmountCurrency": "USD",
		"POId": "300000027",
		"POItemPos": "40",
		"Price": "189.00",
		"PriceCurrency": "USD",
		"Product": "Jet Scan Professional",
		"Productid": "HT-1083",
		"Quantity": "2",
		"QuantityUnit": "EA"
	},
	{
		"DeliveryDate": "/Date(1442527200000)/",
		"GrossAmount": "2115.82",
		"GrossAmountCurrency": "USD",
		"POId": "300000027",
		"POItemPos": "30",
		"Price": "889.00",
		"PriceCurrency": "USD",
		"Product": "Phini Projector B-3",
		"Productid": "HT-6102",
		"Quantity": "2",
		"QuantityUnit": "EA"
	},
	{
		"DeliveryDate": "/Date(1442527200000)/",
		"GrossAmount": "224.91",
		"GrossAmountCurrency": "USD",
		"POId": "300000027",
		"POItemPos": "20",
		"Price": "189.00",
		"PriceCurrency": "USD",
		"Product": "Jet Scan Professional",
		"Productid": "HT-1083",
		"Quantity": "1",
		"QuantityUnit": "EA"
	},
	{
		"DeliveryDate": "/Date(1442527200000)/",
		"GrossAmount": "3173.73",
		"GrossAmountCurrency": "USD",
		"POId": "300000027",
		"POItemPos": "10",
		"Price": "889.00",
		"PriceCurrency": "USD",
		"Product": "Phini Projector B-3",
		"Productid": "HT-6102",
		"Quantity": "3",
		"QuantityUnit": "EA"
	},
	{
		"DeliveryDate": "/Date(1442613600000)/",
		"GrossAmount": "1959.93",
		"GrossAmountCurrency": "USD",
		"POId": "300000028",
		"POItemPos": "10",
		"Price": "549.00",
		"PriceCurrency": "USD",
		"Product": "Cepat Tablet 10.5",
		"Productid": "HT-1257",
		"Quantity": "3",
		"QuantityUnit": "EA"
	},
	{
		"DeliveryDate": "/Date(1442613600000)/",
		"GrossAmount": "1959.93",
		"GrossAmountCurrency": "USD",
		"POId": "300000028",
		"POItemPos": "20",
		"Price": "549.00",
		"PriceCurrency": "USD",
		"Product": "Silverberry",
		"Productid": "HT-7010",
		"Quantity": "3",
		"QuantityUnit": "EA"
	},
	{
		"DeliveryDate": "/Date(1442613600000)/",
		"GrossAmount": "24.95",
		"GrossAmountCurrency": "USD",
		"POId": "300000028",
		"POItemPos": "30",
		"Price": "6.99",
		"PriceCurrency": "USD",
		"Product": "Mousepad",
		"Productid": "HT-1066",
		"Quantity": "3",
		"QuantityUnit": "EA"
	},
	{
		"DeliveryDate": "/Date(1442613600000)/",
		"GrossAmount": "653.31",
		"GrossAmountCurrency": "USD",
		"POId": "300000028",
		"POItemPos": "40",
		"Price": "549.00",
		"PriceCurrency": "USD",
		"Product": "Cepat Tablet 10.5",
		"Productid": "HT-1257",
		"Quantity": "1",
		"QuantityUnit": "EA"
	},
	{
		"DeliveryDate": "/Date(1442613600000)/",
		"GrossAmount": "653.31",
		"GrossAmountCurrency": "USD",
		"POId": "300000028",
		"POItemPos": "50",
		"Price": "549.00",
		"PriceCurrency": "USD",
		"Product": "Silverberry",
		"Productid": "HT-7010",
		"Quantity": "1",
		"QuantityUnit": "EA"
	},
	{
		"DeliveryDate": "/Date(1442700000000)/",
		"GrossAmount": "26.18",
		"GrossAmountCurrency": "USD",
		"POId": "300000029",
		"POItemPos": "10",
		"Price": "11.00",
		"PriceCurrency": "USD",
		"Product": "Track Mouse",
		"Productid": "HT-1062",
		"Quantity": "2",
		"QuantityUnit": "EA"
	},
	{
		"DeliveryDate": "/Date(1442700000000)/",
		"GrossAmount": "1161.44",
		"GrossAmountCurrency": "USD",
		"POId": "300000029",
		"POItemPos": "20",
		"Price": "976.00",
		"PriceCurrency": "USD",
		"Product": "Benda Laptop 1408",
		"Productid": "HT-1253",
		"Quantity": "1",
		"QuantityUnit": "EA"
	},
	{
		"DeliveryDate": "/Date(1442700000000)/",
		"GrossAmount": "2853.62",
		"GrossAmountCurrency": "USD",
		"POId": "300000029",
		"POItemPos": "30",
		"Price": "1199.00",
		"PriceCurrency": "USD",
		"Product": "Flat Watch HD37",
		"Productid": "HT-6131",
		"Quantity": "2",
		"QuantityUnit": "EA"
	},
	{
		"DeliveryDate": "/Date(1442700000000)/",
		"GrossAmount": "13.09",
		"GrossAmountCurrency": "USD",
		"POId": "300000029",
		"POItemPos": "40",
		"Price": "11.00",
		"PriceCurrency": "USD",
		"Product": "Track Mouse",
		"Productid": "HT-1062",
		"Quantity": "1",
		"QuantityUnit": "EA"
	},
	{
		"DeliveryDate": "/Date(1442700000000)/",
		"GrossAmount": "3484.32",
		"GrossAmountCurrency": "USD",
		"POId": "300000029",
		"POItemPos": "50",
		"Price": "976.00",
		"PriceCurrency": "USD",
		"Product": "Benda Laptop 1408",
		"Productid": "HT-1253",
		"Quantity": "3",
		"QuantityUnit": "EA"
	},
	{
		"DeliveryDate": "/Date(1442700000000)/",
		"GrossAmount": "53.55",
		"GrossAmountCurrency": "USD",
		"POId": "300000030",
		"POItemPos": "70",
		"Price": "15.00",
		"PriceCurrency": "USD",
		"Product": "Smartphone Cover",
		"Productid": "HT-9995",
		"Quantity": "3",
		"QuantityUnit": "EA"
	},
	{
		"DeliveryDate": "/Date(1442700000000)/",
		"GrossAmount": "330.82",
		"GrossAmountCurrency": "USD",
		"POId": "300000030",
		"POItemPos": "60",
		"Price": "139.00",
		"PriceCurrency": "USD",
		"Product": "Ultra Jet Super Color",
		"Productid": "HT-1050",
		"Quantity": "2",
		"QuantityUnit": "EA"
	},
	{
		"DeliveryDate": "/Date(1442700000000)/",
		"GrossAmount": "3403.40",
		"GrossAmountCurrency": "USD",
		"POId": "300000030",
		"POItemPos": "50",
		"Price": "1430.00",
		"PriceCurrency": "USD",
		"Product": "Flat XXL",
		"Productid": "HT-1137",
		"Quantity": "2",
		"QuantityUnit": "EA"
	},
	{
		"DeliveryDate": "/Date(1442700000000)/",
		"GrossAmount": "53.55",
		"GrossAmountCurrency": "USD",
		"POId": "300000030",
		"POItemPos": "40",
		"Price": "15.00",
		"PriceCurrency": "USD",
		"Product": "Smartphone Cover",
		"Productid": "HT-9995",
		"Quantity": "3",
		"QuantityUnit": "EA"
	},
	{
		"DeliveryDate": "/Date(1442700000000)/",
		"GrossAmount": "330.82",
		"GrossAmountCurrency": "USD",
		"POId": "300000030",
		"POItemPos": "30",
		"Price": "139.00",
		"PriceCurrency": "USD",
		"Product": "Ultra Jet Super Color",
		"Productid": "HT-1050",
		"Quantity": "2",
		"QuantityUnit": "EA"
	},
	{
		"DeliveryDate": "/Date(1442700000000)/",
		"GrossAmount": "3403.40",
		"GrossAmountCurrency": "USD",
		"POId": "300000030",
		"POItemPos": "20",
		"Price": "1430.00",
		"PriceCurrency": "USD",
		"Product": "Flat XXL",
		"Productid": "HT-1137",
		"Quantity": "2",
		"QuantityUnit": "EA"
	},
	{
		"DeliveryDate": "/Date(1442700000000)/",
		"GrossAmount": "17.85",
		"GrossAmountCurrency": "USD",
		"POId": "300000030",
		"POItemPos": "10",
		"Price": "15.00",
		"PriceCurrency": "USD",
		"Product": "Smartphone Cover",
		"Productid": "HT-9995",
		"Quantity": "1",
		"QuantityUnit": "EA"
	},
	{
		"DeliveryDate": "/Date(1442959200000)/",
		"GrossAmount": "317.73",
		"GrossAmountCurrency": "USD",
		"POId": "300000031",
		"POItemPos": "10",
		"Price": "89.00",
		"PriceCurrency": "USD",
		"Product": "Power Scan",
		"Productid": "HT-1081",
		"Quantity": "3",
		"QuantityUnit": "EA"
	},
	{
		"DeliveryDate": "/Date(1442959200000)/",
		"GrossAmount": "342.72",
		"GrossAmountCurrency": "USD",
		"POId": "300000031",
		"POItemPos": "20",
		"Price": "288.00",
		"PriceCurrency": "USD",
		"Product": "Record Movie",
		"Productid": "HT-6111",
		"Quantity": "1",
		"QuantityUnit": "EA"
	},
	{
		"DeliveryDate": "/Date(1442959200000)/",
		"GrossAmount": "317.73",
		"GrossAmountCurrency": "USD",
		"POId": "300000031",
		"POItemPos": "30",
		"Price": "89.00",
		"PriceCurrency": "USD",
		"Product": "Power Scan",
		"Productid": "HT-1081",
		"Quantity": "3",
		"QuantityUnit": "EA"
	},
	{
		"DeliveryDate": "/Date(1443218400000)/",
		"GrossAmount": "58.31",
		"GrossAmountCurrency": "USD",
		"POId": "300000032",
		"POItemPos": "80",
		"Price": "49.00",
		"PriceCurrency": "USD",
		"Product": "Wireless DSL Router",
		"Productid": "HT-1115",
		"Quantity": "1",
		"QuantityUnit": "EA"
	},
	{
		"DeliveryDate": "/Date(1443218400000)/",
		"GrossAmount": "0.00",
		"GrossAmountCurrency": "USD",
		"POId": "300000032",
		"POItemPos": "70",
		"Price": "0.00",
		"PriceCurrency": "USD",
		"Product": "Flyer",
		"Productid": "PF-1000",
		"Quantity": "3",
		"QuantityUnit": "EA"
	},
	{
		"DeliveryDate": "/Date(1443218400000)/",
		"GrossAmount": "511.70",
		"GrossAmountCurrency": "USD",
		"POId": "300000032",
		"POItemPos": "60",
		"Price": "430.00",
		"PriceCurrency": "USD",
		"Product": "Flat Future",
		"Productid": "HT-1036",
		"Quantity": "1",
		"QuantityUnit": "EA"
	},
	{
		"DeliveryDate": "/Date(1443218400000)/",
		"GrossAmount": "116.62",
		"GrossAmountCurrency": "USD",
		"POId": "300000032",
		"POItemPos": "50",
		"Price": "49.00",
		"PriceCurrency": "USD",
		"Product": "Wireless DSL Router",
		"Productid": "HT-1115",
		"Quantity": "2",
		"QuantityUnit": "EA"
	},
	{
		"DeliveryDate": "/Date(1443218400000)/",
		"GrossAmount": "0.00",
		"GrossAmountCurrency": "USD",
		"POId": "300000032",
		"POItemPos": "40",
		"Price": "0.00",
		"PriceCurrency": "USD",
		"Product": "Flyer",
		"Productid": "PF-1000",
		"Quantity": "2",
		"QuantityUnit": "EA"
	},
	{
		"DeliveryDate": "/Date(1443218400000)/",
		"GrossAmount": "511.70",
		"GrossAmountCurrency": "USD",
		"POId": "300000032",
		"POItemPos": "30",
		"Price": "430.00",
		"PriceCurrency": "USD",
		"Product": "Flat Future",
		"Productid": "HT-1036",
		"Quantity": "1",
		"QuantityUnit": "EA"
	},
	{
		"DeliveryDate": "/Date(1443218400000)/",
		"GrossAmount": "174.93",
		"GrossAmountCurrency": "USD",
		"POId": "300000032",
		"POItemPos": "20",
		"Price": "49.00",
		"PriceCurrency": "USD",
		"Product": "Wireless DSL Router",
		"Productid": "HT-1115",
		"Quantity": "3",
		"QuantityUnit": "EA"
	},
	{
		"DeliveryDate": "/Date(1443218400000)/",
		"GrossAmount": "0.00",
		"GrossAmountCurrency": "USD",
		"POId": "300000032",
		"POItemPos": "10",
		"Price": "0.00",
		"PriceCurrency": "USD",
		"Product": "Flyer",
		"Productid": "PF-1000",
		"Quantity": "2",
		"QuantityUnit": "EA"
	},
	{
		"DeliveryDate": "/Date(1443304800000)/",
		"GrossAmount": "402.22",
		"GrossAmountCurrency": "USD",
		"POId": "300000033",
		"POItemPos": "10",
		"Price": "169.00",
		"PriceCurrency": "USD",
		"Product": "Jet Scan Professional",
		"Productid": "HT-1082",
		"Quantity": "2",
		"QuantityUnit": "EA"
	},
	{
		"DeliveryDate": "/Date(1443304800000)/",
		"GrossAmount": "309.40",
		"GrossAmountCurrency": "USD",
		"POId": "300000033",
		"POItemPos": "20",
		"Price": "130.00",
		"PriceCurrency": "USD",
		"Product": "Play Movie",
		"Productid": "HT-6110",
		"Quantity": "2",
		"QuantityUnit": "EA"
	},
	{
		"DeliveryDate": "/Date(1443304800000)/",
		"GrossAmount": "402.22",
		"GrossAmountCurrency": "USD",
		"POId": "300000033",
		"POItemPos": "30",
		"Price": "169.00",
		"PriceCurrency": "USD",
		"Product": "Jet Scan Professional",
		"Productid": "HT-1082",
		"Quantity": "2",
		"QuantityUnit": "EA"
	},
	{
		"DeliveryDate": "/Date(1443304800000)/",
		"GrossAmount": "464.10",
		"GrossAmountCurrency": "USD",
		"POId": "300000033",
		"POItemPos": "40",
		"Price": "130.00",
		"PriceCurrency": "USD",
		"Product": "Play Movie",
		"Productid": "HT-6110",
		"Quantity": "3",
		"QuantityUnit": "EA"
	},
	{
		"DeliveryDate": "/Date(1443304800000)/",
		"GrossAmount": "201.11",
		"GrossAmountCurrency": "USD",
		"POId": "300000033",
		"POItemPos": "50",
		"Price": "169.00",
		"PriceCurrency": "USD",
		"Product": "Jet Scan Professional",
		"Productid": "HT-1082",
		"Quantity": "1",
		"QuantityUnit": "EA"
	},
	{
		"DeliveryDate": "/Date(1443304800000)/",
		"GrossAmount": "309.40",
		"GrossAmountCurrency": "USD",
		"POId": "300000033",
		"POItemPos": "60",
		"Price": "130.00",
		"PriceCurrency": "USD",
		"Product": "Play Movie",
		"Productid": "HT-6110",
		"Quantity": "2",
		"QuantityUnit": "EA"
	},
	{
		"DeliveryDate": "/Date(1443304800000)/",
		"GrossAmount": "1544.62",
		"GrossAmountCurrency": "USD",
		"POId": "300000034",
		"POItemPos": "10",
		"Price": "649.00",
		"PriceCurrency": "USD",
		"Product": "Astro Phone 6",
		"Productid": "HT-1252",
		"Quantity": "2",
		"QuantityUnit": "EA"
	},
	{
		"DeliveryDate": "/Date(1443304800000)/",
		"GrossAmount": "16.66",
		"GrossAmountCurrency": "USD",
		"POId": "300000034",
		"POItemPos": "20",
		"Price": "7.00",
		"PriceCurrency": "USD",
		"Product": "Speed Mouse",
		"Productid": "HT-1061",
		"Quantity": "2",
		"QuantityUnit": "EA"
	},
	{
		"DeliveryDate": "/Date(1443304800000)/",
		"GrossAmount": "3472.42",
		"GrossAmountCurrency": "USD",
		"POId": "300000034",
		"POItemPos": "30",
		"Price": "1459.00",
		"PriceCurrency": "USD",
		"Product": "Flat Watch HD32",
		"Productid": "HT-6130",
		"Quantity": "2",
		"QuantityUnit": "EA"
	},
	{
		"DeliveryDate": "/Date(1443477600000)/",
		"GrossAmount": "274.89",
		"GrossAmountCurrency": "USD",
		"POId": "300000035",
		"POItemPos": "70",
		"Price": "77.00",
		"PriceCurrency": "USD",
		"Product": "Smart Multimedia",
		"Productid": "HT-1103",
		"Quantity": "3",
		"QuantityUnit": "EA"
	},
	{
		"DeliveryDate": "/Date(1443477600000)/",
		"GrossAmount": "297.49",
		"GrossAmountCurrency": "USD",
		"POId": "300000035",
		"POItemPos": "60",
		"Price": "249.99",
		"PriceCurrency": "USD",
		"Product": "7\" Widescreen Portable DVD Player w MP3",
		"Productid": "HT-2000",
		"Quantity": "1",
		"QuantityUnit": "EA"
	},
	{
		"DeliveryDate": "/Date(1443477600000)/",
		"GrossAmount": "4757.62",
		"GrossAmountCurrency": "USD",
		"POId": "300000035",
		"POItemPos": "50",
		"Price": "1999.00",
		"PriceCurrency": "USD",
		"Product": "Notebook Professional 15",
		"Productid": "HT-1010",
		"Quantity": "2",
		"QuantityUnit": "EA"
	},
	{
		"DeliveryDate": "/Date(1443477600000)/",
		"GrossAmount": "183.26",
		"GrossAmountCurrency": "USD",
		"POId": "300000035",
		"POItemPos": "40",
		"Price": "77.00",
		"PriceCurrency": "USD",
		"Product": "Smart Multimedia",
		"Productid": "HT-1103",
		"Quantity": "2",
		"QuantityUnit": "EA"
	},
	{
		"DeliveryDate": "/Date(1443477600000)/",
		"GrossAmount": "892.46",
		"GrossAmountCurrency": "USD",
		"POId": "300000035",
		"POItemPos": "30",
		"Price": "249.99",
		"PriceCurrency": "USD",
		"Product": "7\" Widescreen Portable DVD Player w MP3",
		"Productid": "HT-2000",
		"Quantity": "3",
		"QuantityUnit": "EA"
	},
	{
		"DeliveryDate": "/Date(1443477600000)/",
		"GrossAmount": "4757.62",
		"GrossAmountCurrency": "USD",
		"POId": "300000035",
		"POItemPos": "20",
		"Price": "1999.00",
		"PriceCurrency": "USD",
		"Product": "Notebook Professional 15",
		"Productid": "HT-1010",
		"Quantity": "2",
		"QuantityUnit": "EA"
	},
	{
		"DeliveryDate": "/Date(1443477600000)/",
		"GrossAmount": "183.26",
		"GrossAmountCurrency": "USD",
		"POId": "300000035",
		"POItemPos": "10",
		"Price": "77.00",
		"PriceCurrency": "USD",
		"Product": "Smart Multimedia",
		"Productid": "HT-1103",
		"Quantity": "2",
		"QuantityUnit": "EA"
	},
	{
		"DeliveryDate": "/Date(1443650400000)/",
		"GrossAmount": "154.70",
		"GrossAmountCurrency": "USD",
		"POId": "300000036",
		"POItemPos": "10",
		"Price": "130.00",
		"PriceCurrency": "USD",
		"Product": "Play Movie",
		"Productid": "HT-6110",
		"Quantity": "1",
		"QuantityUnit": "EA"
	},
	{
		"DeliveryDate": "/Date(1443650400000)/",
		"GrossAmount": "603.33",
		"GrossAmountCurrency": "USD",
		"POId": "300000036",
		"POItemPos": "20",
		"Price": "169.00",
		"PriceCurrency": "USD",
		"Product": "Jet Scan Professional",
		"Productid": "HT-1082",
		"Quantity": "3",
		"QuantityUnit": "EA"
	},
	{
		"DeliveryDate": "/Date(1443650400000)/",
		"GrossAmount": "464.10",
		"GrossAmountCurrency": "USD",
		"POId": "300000036",
		"POItemPos": "30",
		"Price": "130.00",
		"PriceCurrency": "USD",
		"Product": "Play Movie",
		"Productid": "HT-6110",
		"Quantity": "3",
		"QuantityUnit": "EA"
	},
	{
		"DeliveryDate": "/Date(1443650400000)/",
		"GrossAmount": "201.11",
		"GrossAmountCurrency": "USD",
		"POId": "300000036",
		"POItemPos": "40",
		"Price": "169.00",
		"PriceCurrency": "USD",
		"Product": "Jet Scan Professional",
		"Productid": "HT-1082",
		"Quantity": "1",
		"QuantityUnit": "EA"
	},
	{
		"DeliveryDate": "/Date(1443736800000)/",
		"GrossAmount": "1959.93",
		"GrossAmountCurrency": "USD",
		"POId": "300000037",
		"POItemPos": "90",
		"Price": "549.00",
		"PriceCurrency": "USD",
		"Product": "Platinberry",
		"Productid": "HT-7030",
		"Quantity": "3",
		"QuantityUnit": "EA"
	},
	{
		"DeliveryDate": "/Date(1443736800000)/",
		"GrossAmount": "38.08",
		"GrossAmountCurrency": "USD",
		"POId": "300000037",
		"POItemPos": "80",
		"Price": "16.00",
		"PriceCurrency": "USD",
		"Product": "Internet Keyboard",
		"Productid": "HT-1064",
		"Quantity": "2",
		"QuantityUnit": "EA"
	},
	{
		"DeliveryDate": "/Date(1443736800000)/",
		"GrossAmount": "321.30",
		"GrossAmountCurrency": "USD",
		"POId": "300000037",
		"POItemPos": "70",
		"Price": "270.00",
		"PriceCurrency": "USD",
		"Product": "Broad Screen 22HD",
		"Productid": "HT-1255",
		"Quantity": "1",
		"QuantityUnit": "EA"
	},
	{
		"DeliveryDate": "/Date(1443736800000)/",
		"GrossAmount": "1306.62",
		"GrossAmountCurrency": "USD",
		"POId": "300000037",
		"POItemPos": "60",
		"Price": "549.00",
		"PriceCurrency": "USD",
		"Product": "Platinberry",
		"Productid": "HT-7030",
		"Quantity": "2",
		"QuantityUnit": "EA"
	},
	{
		"DeliveryDate": "/Date(1443736800000)/",
		"GrossAmount": "38.08",
		"GrossAmountCurrency": "USD",
		"POId": "300000037",
		"POItemPos": "50",
		"Price": "16.00",
		"PriceCurrency": "USD",
		"Product": "Internet Keyboard",
		"Productid": "HT-1064",
		"Quantity": "2",
		"QuantityUnit": "EA"
	},
	{
		"DeliveryDate": "/Date(1443736800000)/",
		"GrossAmount": "963.90",
		"GrossAmountCurrency": "USD",
		"POId": "300000037",
		"POItemPos": "40",
		"Price": "270.00",
		"PriceCurrency": "USD",
		"Product": "Broad Screen 22HD",
		"Productid": "HT-1255",
		"Quantity": "3",
		"QuantityUnit": "EA"
	},
	{
		"DeliveryDate": "/Date(1443736800000)/",
		"GrossAmount": "1306.62",
		"GrossAmountCurrency": "USD",
		"POId": "300000037",
		"POItemPos": "30",
		"Price": "549.00",
		"PriceCurrency": "USD",
		"Product": "Platinberry",
		"Productid": "HT-7030",
		"Quantity": "2",
		"QuantityUnit": "EA"
	},
	{
		"DeliveryDate": "/Date(1443736800000)/",
		"GrossAmount": "38.08",
		"GrossAmountCurrency": "USD",
		"POId": "300000037",
		"POItemPos": "20",
		"Price": "16.00",
		"PriceCurrency": "USD",
		"Product": "Internet Keyboard",
		"Productid": "HT-1064",
		"Quantity": "2",
		"QuantityUnit": "EA"
	},
	{
		"DeliveryDate": "/Date(1443736800000)/",
		"GrossAmount": "642.60",
		"GrossAmountCurrency": "USD",
		"POId": "300000037",
		"POItemPos": "10",
		"Price": "270.00",
		"PriceCurrency": "USD",
		"Product": "Broad Screen 22HD",
		"Productid": "HT-1255",
		"Quantity": "2",
		"QuantityUnit": "EA"
	},
	{
		"DeliveryDate": "/Date(1443736800000)/",
		"GrossAmount": "82.11",
		"GrossAmountCurrency": "USD",
		"POId": "300000038",
		"POItemPos": "10",
		"Price": "69.00",
		"PriceCurrency": "USD",
		"Product": "Smart Network",
		"Productid": "HT-1102",
		"Quantity": "1",
		"QuantityUnit": "EA"
	},
	{
		"DeliveryDate": "/Date(1443736800000)/",
		"GrossAmount": "1067.43",
		"GrossAmountCurrency": "USD",
		"POId": "300000038",
		"POItemPos": "20",
		"Price": "299.00",
		"PriceCurrency": "USD",
		"Product": "ITelO Vault",
		"Productid": "HT-1007",
		"Quantity": "3",
		"QuantityUnit": "EA"
	},
	{
		"DeliveryDate": "/Date(1443736800000)/",
		"GrossAmount": "1070.98",
		"GrossAmountCurrency": "USD",
		"POId": "300000038",
		"POItemPos": "30",
		"Price": "449.99",
		"PriceCurrency": "USD",
		"Product": "10\" Portable DVD player",
		"Productid": "HT-2001",
		"Quantity": "2",
		"QuantityUnit": "EA"
	},
	{
		"DeliveryDate": "/Date(1443736800000)/",
		"GrossAmount": "164.22",
		"GrossAmountCurrency": "USD",
		"POId": "300000038",
		"POItemPos": "40",
		"Price": "69.00",
		"PriceCurrency": "USD",
		"Product": "Smart Network",
		"Productid": "HT-1102",
		"Quantity": "2",
		"QuantityUnit": "EA"
	},
	{
		"DeliveryDate": "/Date(1443736800000)/",
		"GrossAmount": "1067.43",
		"GrossAmountCurrency": "USD",
		"POId": "300000038",
		"POItemPos": "50",
		"Price": "299.00",
		"PriceCurrency": "USD",
		"Product": "ITelO Vault",
		"Productid": "HT-1007",
		"Quantity": "3",
		"QuantityUnit": "EA"
	},
	{
		"DeliveryDate": "/Date(1443736800000)/",
		"GrossAmount": "1070.98",
		"GrossAmountCurrency": "USD",
		"POId": "300000038",
		"POItemPos": "60",
		"Price": "449.99",
		"PriceCurrency": "USD",
		"Product": "10\" Portable DVD player",
		"Productid": "HT-2001",
		"Quantity": "2",
		"QuantityUnit": "EA"
	},
	{
		"DeliveryDate": "/Date(1443736800000)/",
		"GrossAmount": "164.22",
		"GrossAmountCurrency": "USD",
		"POId": "300000038",
		"POItemPos": "70",
		"Price": "69.00",
		"PriceCurrency": "USD",
		"Product": "Smart Network",
		"Productid": "HT-1102",
		"Quantity": "2",
		"QuantityUnit": "EA"
	},
	{
		"DeliveryDate": "/Date(1443736800000)/",
		"GrossAmount": "30.94",
		"GrossAmountCurrency": "USD",
		"POId": "300000039",
		"POItemPos": "10",
		"Price": "26.00",
		"PriceCurrency": "USD",
		"Product": "Media Keyboard",
		"Productid": "HT-1065",
		"Quantity": "1",
		"QuantityUnit": "EA"
	},
	{
		"DeliveryDate": "/Date(1443736800000)/",
		"GrossAmount": "1306.62",
		"GrossAmountCurrency": "USD",
		"POId": "300000039",
		"POItemPos": "20",
		"Price": "549.00",
		"PriceCurrency": "USD",
		"Product": "Goldberry",
		"Productid": "HT-7020",
		"Quantity": "2",
		"QuantityUnit": "EA"
	},
	{
		"DeliveryDate": "/Date(1443736800000)/",
		"GrossAmount": "653.31",
		"GrossAmountCurrency": "USD",
		"POId": "300000039",
		"POItemPos": "30",
		"Price": "549.00",
		"PriceCurrency": "USD",
		"Product": "Cerdik Phone 7",
		"Productid": "HT-1256",
		"Quantity": "1",
		"QuantityUnit": "EA"
	},
	{
		"DeliveryDate": "/Date(1443736800000)/",
		"GrossAmount": "30.94",
		"GrossAmountCurrency": "USD",
		"POId": "300000039",
		"POItemPos": "40",
		"Price": "26.00",
		"PriceCurrency": "USD",
		"Product": "Media Keyboard",
		"Productid": "HT-1065",
		"Quantity": "1",
		"QuantityUnit": "EA"
	},
	{
		"DeliveryDate": "/Date(1443736800000)/",
		"GrossAmount": "653.31",
		"GrossAmountCurrency": "USD",
		"POId": "300000039",
		"POItemPos": "50",
		"Price": "549.00",
		"PriceCurrency": "USD",
		"Product": "Goldberry",
		"Productid": "HT-7020",
		"Quantity": "1",
		"QuantityUnit": "EA"
	},
	{
		"DeliveryDate": "/Date(1443736800000)/",
		"GrossAmount": "1959.93",
		"GrossAmountCurrency": "USD",
		"POId": "300000039",
		"POItemPos": "60",
		"Price": "549.00",
		"PriceCurrency": "USD",
		"Product": "Cerdik Phone 7",
		"Productid": "HT-1256",
		"Quantity": "3",
		"QuantityUnit": "EA"
	}
]