[
	{
		"ChangedAt": "/Date(1441663200000)/",
		"ProductId": "",
		"SupplierId": "100000026",
		"CurrencyCode": "USD",
		"DeliveryAddress": "Zeppelinstrasse 2, 85399 Munich, DE",
		"DeliveryDateEarliest": "/Date(1442268000000)/",
		"GrossAmount": "667604",
		"ItemCount": "Shanghai",
		"LaterDelivDateExist": "CI/DAV1.2",
		"OrderedById": "400000023",
		"OrderedByName": "Catherine Jones",
		"POId": "300000025",
		"SupplierName": "Cost Center Z"
	},
	{
		"ChangedAt": "/Date(1441836000000)/",
		"ProductId": "",
		"SupplierId": "100000008",
		"CurrencyCode": "USD",
		"DeliveryAddress": "Zeppelinstrasse 2, 85399 Munich, DE",
		"DeliveryDateEarliest": "/Date(1442440800000)/",
		"GrossAmount": "667605",
		"ItemCount": "Suzhou",
		"LaterDelivDateExist": "CI/DAV1.3",
		"OrderedById": "400000024",
		"OrderedByName": "Peter Douglas",
		"POId": "300000026",
		"SupplierName": "Cost Center B"
	},
	{
		"ChangedAt": "/Date(1440453600000)/",
		"ProductId": "",
		"SupplierId": "100000012",
		"CurrencyCode": "USD",
		"DeliveryAddress": "Zeppelinstrasse 2, 85399 Munich, DE",
		"DeliveryDateEarliest": "/Date(1441058400000)/",
		"GrossAmount": "667606",
		"ItemCount": "Chengdu",
		"LaterDelivDateExist": "CI/DAV1.4",
		"OrderedById": "400000028",
		"OrderedByName": "Mary Watson",
		"POId": "300000020",
		"SupplierName": "Cost Center C"
	},
	{
		"ChangedAt": "/Date(1442872800000)/",
		"ProductId": "",
		"SupplierId": "100000005",
		"CurrencyCode": "USD",
		"DeliveryAddress": "Zeppelinstrasse 2, 85399 Munich, DE",
		"DeliveryDateEarliest": "/Date(1441231200000)/",
		"GrossAmount": "667607",
		"ItemCount": "Nanjing",
		"LaterDelivDateExist": "CI/DAV1.5",
		"OrderedById": "400000028",
		"OrderedByName": "Mary Watson",
		"POId": "300000035",
		"SupplierName": "Cost Center D"
	},
	{
		"ChangedAt": "/Date(1440626400000)/",
		"ProductId": "",
		"SupplierId": "100000023",
		"CurrencyCode": "USD",
		"DeliveryAddress": "Zeppelinstrasse 2, 85399 Munich, DE",
		"DeliveryDateEarliest": "/Date(1441231200000)/",
		"GrossAmount": "667608",
		"ItemCount": "Germany",
		"LaterDelivDateExist": "CI/DAV1.6",
		"OrderedById": "400000029",
		"OrderedByName": "Karl Kessler",
		"POId": "300000022",
		"SupplierName": "Cost Center E"
	},
	{
		"ChangedAt": "/Date(1442008800000)/",
		"ProductId": "",
		"SupplierId": "100000031",
		"CurrencyCode": "USD",
		"DeliveryAddress": "Zeppelinstrasse 2, 85399 Munich, DE",
		"DeliveryDateEarliest": "/Date(1442613600000)/",
		"GrossAmount": "667609",
		"ItemCount": "US",
		"LaterDelivDateExist": "CI/DAV1.8",
		"OrderedById": "400000030",
		"OrderedByName": "Nora Dwyer",
		"POId": "300000028",
		"SupplierName": "Cost Center F"
	},
	{
		"ChangedAt": "/Date(1441922400000)/",
		"ProductId": "",
		"SupplierId": "100000042",
		"CurrencyCode": "USD",
		"DeliveryAddress": "Zeppelinstrasse 2, 85399 Munich, DE",
		"DeliveryDateEarliest": "/Date(1442527200000)/",
		"GrossAmount": "6676010",
		"ItemCount": "Waldof",
		"LaterDelivDateExist": "CI/DAV2.3",
		"OrderedById": "400000033",
		"OrderedByName": "Nam Kim",
		"POId": "300000027",
		"SupplierName": "Cost Center G"
	},
	{
		"ChangedAt": "/Date(1442354400000)/",
		"ProductId": "",
		"SupplierId": "100000040",
		"CurrencyCode": "USD",
		"DeliveryAddress": "Zeppelinstrasse 2, 85399 Munich, DE",
		"DeliveryDateEarliest": "/Date(1442959200000)/",
		"GrossAmount": "6676011",
		"ItemCount": "Singapo",
		"LaterDelivDateExist": "CI/DAV2.5",
		"OrderedById": "400000033",
		"OrderedByName": "Nam Kim",
		"POId": "300000031",
		"SupplierName": "Cost Center H"
	},
	{
		"ChangedAt": "/Date(1442095200000)/",
		"ProductId": "",
		"SupplierId": "100000027",
		"CurrencyCode": "USD",
		"DeliveryAddress": "Zeppelinstrasse 2, 85399 Munich, DE",
		"DeliveryDateEarliest": "/Date(1442700000000)/",
		"GrossAmount": "6676012",
		"ItemCount": "Hangzhou",
		"LaterDelivDateExist": "CI/DAV2.8",
		"OrderedById": "400000035",
		"OrderedByName": "Crispin Perez",
		"POId": "300000029",
		"SupplierName": "Cost Center I"
	},
	{
		"ChangedAt": "/Date(1442613600000)/",
		"ProductId": "",
		"SupplierId": "100000015",
		"CurrencyCode": "USD",
		"DeliveryAddress": "Zeppelinstrasse 2, 85399 Munich, DE",
		"DeliveryDateEarliest": "/Date(1443218400000)/",
		"GrossAmount": "6676013",
		"ItemCount": "Beijing",
		"LaterDelivDateExist": "CI/DAV2.4",
		"OrderedById": "400000037",
		"OrderedByName": "Christopher Ngo",
		"POId": "300000032",
		"SupplierName": "Cost Center J"
	},
	{
		"ChangedAt": "/Date(1443132000000)/",
		"ProductId": "",
		"SupplierId": "100000029",
		"CurrencyCode": "USD",
		"DeliveryAddress": "Zeppelinstrasse 2, 85399 Munich, DE",
		"DeliveryDateEarliest": "/Date(1443736800000)/",
		"GrossAmount": "6676014",
		"ItemCount": "Shenzhen",
		"LaterDelivDateExist": "CI/DAV3.2",
		"OrderedById": "400000038",
		"OrderedByName": "EPM User",
		"POId": "300000039",
		"SupplierName": "Cost Center K"
	},
	{
		"ChangedAt": "/Date(1443132000000)/",
		"ProductId": "",
		"SupplierId": "100000029",
		"CurrencyCode": "USD",
		"DeliveryAddress": "Zeppelinstrasse 2, 85399 Munich, DE",
		"DeliveryDateEarliest": "/Date(1443736800000)/",
		"GrossAmount": "6676014",
		"ItemCount": "Shenzhen",
		"LaterDelivDateExist": "CI/DAV4.5",
		"OrderedById": "400000038",
		"OrderedByName": "EPM User",
		"POId": "300000040",
		"SupplierName": "Cost Center A"
	},
	{
		"ChangedAt": "/Date(1443132000000)/",
		"ProductId": "",
		"SupplierId": "100000029",
		"CurrencyCode": "USD",
		"DeliveryAddress": "Zeppelinstrasse 2, 85399 Munich, DE",
		"DeliveryDateEarliest": "/Date(1443736800000)/",
		"GrossAmount": "6676014",
		"ItemCount": "Shenzhen",
		"LaterDelivDateExist": "CI/DAV5.9",
		"OrderedById": "400000038",
		"OrderedByName": "EPM User",
		"POId": "300000041",
		"SupplierName": "Cost Center B"
	}
]